,0,1,2,3,4,5,6,7,8,9,average
0,0.0,0.0,0.0,0.0,0.0,0.0,0.0,0.0,0.0,0.0,0.0
1,23.000000000000004,21.200000000000006,19.1,25.05,20.300000000000004,23.0,26.000000000000004,20.000000000000007,12.0,26.000000000000004,21.565000000000005
2,26.000000000000004,23.000000000000004,21.650000000000002,27.0,23.000000000000004,26.000000000000004,26.000000000000004,24.000000000000007,26.000000000000004,26.000000000000004,24.865000000000002
3,26.000000000000004,25.700000000000003,25.05,27.6,24.8,26.000000000000004,29.0,24.000000000000007,27.000000000000004,27.000000000000004,26.215000000000003
4,26.000000000000004,26.599999999999998,25.05,27.6,25.700000000000003,26.000000000000004,29.0,25.0,29.0,27.000000000000004,26.695
5,28.000000000000004,26.6,27.6,27.6,25.700000000000003,26.000000000000004,29.0,26.000000000000004,29.0,27.000000000000004,27.25
6,28.000000000000004,28.400000000000002,27.6,29.299999999999997,26.6,26.000000000000004,30.0,26.000000000000004,29.0,27.000000000000004,27.790000000000003
7,28.000000000000004,28.400000000000002,27.6,30.15,26.6,28.0,31.0,27.000000000000004,31.0,27.000000000000004,28.475
8,29.0,28.400000000000002,27.6,30.15,28.4,29.0,32.0,28.999999999999996,32.0,29.0,29.455000000000002
9,29.0,28.400000000000002,29.299999999999997,30.15,28.400000000000002,29.0,32.0,29.0,32.0,29.0,29.625
10,29.0,29.299999999999997,29.299999999999997,30.15,28.400000000000002,29.0,32.0,29.0,32.0,29.0,29.714999999999996
11,29.0,29.3,29.299999999999997,30.15,28.400000000000002,29.0,32.0,29.0,32.0,29.0,29.714999999999996
12,30.0,29.3,30.15,30.15,28.400000000000002,29.0,32.0,29.0,32.0,29.0,29.9
13,32.0,31.099999999999998,30.15,30.15,29.3,29.0,32.0,30.0,32.0,30.0,30.57
14,32.0,31.099999999999998,30.15,30.15,29.3,29.0,32.0,30.0,32.0,30.0,30.57
15,32.0,31.099999999999998,30.15,30.15,29.3,29.0,32.0,30.0,33.0,30.0,30.669999999999998
16,32.0,31.099999999999998,30.15,30.15,30.2,29.0,32.0,30.0,34.0,30.0,30.860000000000003
17,32.0,31.099999999999998,30.15,31.0,31.099999999999998,29.0,32.0,30.0,34.0,32.0,31.235000000000003
18,32.0,31.099999999999998,30.15,31.0,31.099999999999998,32.0,32.0,30.0,35.0,32.0,31.635
19,32.0,31.099999999999998,30.15,31.0,31.099999999999998,32.0,32.0,30.0,35.0,32.0,31.635
20,32.0,31.099999999999998,30.15,31.0,31.099999999999998,32.0,32.0,30.0,35.0,33.0,31.735000000000003
21,32.0,31.099999999999998,31.849999999999998,31.849999999999998,31.099999999999998,32.0,32.0,30.0,35.0,33.0,31.99
22,32.0,31.099999999999998,31.849999999999998,32.7,31.099999999999998,32.0,32.0,30.0,35.0,33.0,32.075
23,32.0,31.099999999999998,32.7,32.7,31.099999999999998,32.0,32.0,30.0,35.0,33.0,32.160000000000004
24,32.0,31.099999999999998,32.7,32.7,31.099999999999998,32.0,33.0,32.0,35.0,33.0,32.46
25,33.0,31.099999999999998,32.7,32.7,31.099999999999998,32.0,33.0,32.0,35.0,33.0,32.56
26,35.0,32.0,32.7,32.7,31.099999999999998,32.0,33.0,32.0,35.0,33.0,32.85
27,35.0,32.0,32.7,32.7,32.9,32.0,33.0,32.0,35.0,33.0,33.03
28,35.0,32.0,32.7,32.7,33.8,32.0,33.0,33.0,35.0,33.0,33.220000000000006
29,35.0,32.0,32.7,32.7,33.8,32.0,34.0,33.0,35.0,34.0,33.42
30,35.0,32.9,32.7,32.7,33.8,32.0,35.0,33.0,35.0,34.0,33.61
31,35.0,32.9,32.7,32.7,33.8,32.0,35.0,33.0,35.0,34.0,33.61
32,35.0,33.8,32.7,32.7,33.8,32.0,35.0,33.0,35.0,35.0,33.8
33,35.0,33.8,32.7,32.7,33.8,32.0,35.0,33.0,35.0,35.0,33.8
34,35.0,33.8,32.7,32.7,33.8,33.0,35.0,33.0,35.0,35.0,33.9
35,35.0,33.8,32.7,32.7,33.8,33.0,35.0,33.0,35.0,35.0,33.9
36,35.0,33.8,32.7,32.7,33.8,33.0,35.0,33.0,35.0,35.0,33.9
37,35.0,33.8,32.7,32.7,33.8,33.0,35.0,33.0,35.0,35.0,33.9
38,35.0,33.8,32.7,32.7,33.8,34.0,35.0,33.0,35.0,35.0,34.0
39,35.0,33.8,32.7,32.7,33.8,34.0,35.0,33.0,35.0,35.0,34.0
40,35.0,33.8,32.7,32.7,33.8,34.0,35.0,33.0,35.0,35.0,34.0
41,35.0,33.8,32.7,32.7,33.8,35.0,35.0,33.0,35.0,35.0,34.1
42,35.0,33.8,32.7,32.7,33.8,35.0,35.0,33.0,35.0,35.0,34.1
43,36.0,33.8,32.7,32.7,33.8,35.0,35.0,35.0,35.0,35.0,34.4
44,36.0,33.8,32.7,33.0,33.8,35.0,35.0,35.0,35.0,35.0,34.43
45,38.0,33.8,32.7,33.55,33.8,35.0,35.0,35.0,35.0,35.0,34.685
46,38.0,33.8,32.7,33.55,33.8,35.0,35.0,35.0,35.0,35.0,34.685
47,38.0,33.8,32.7,34.4,33.8,35.0,35.0,35.0,35.0,35.0,34.769999999999996
48,38.0,33.8,32.7,34.4,33.8,35.0,35.0,35.0,35.0,35.0,34.769999999999996
49,38.0,33.8,33.55,34.4,33.8,35.0,35.0,35.0,35.0,36.0,34.955
50,38.0,33.8,33.55,34.4,34.7,35.0,35.0,35.0,35.0,36.0,35.045
51,38.0,33.8,33.55,35.25,34.7,35.0,35.0,35.0,36.0,36.0,35.23
52,38.0,33.8,33.55,35.25,34.7,35.0,35.0,35.0,36.0,36.0,35.23
53,38.0,33.8,33.55,35.25,34.7,35.0,35.0,35.0,36.0,36.0,35.23
54,38.0,33.8,34.4,35.25,35.6,35.0,35.0,35.0,37.0,36.0,35.504999999999995
55,38.0,33.8,34.4,35.25,35.6,35.0,35.0,35.0,38.0,36.0,35.605
56,38.0,34.7,34.4,35.25,36.5,35.0,35.0,35.0,38.0,36.0,35.785000000000004
57,38.0,34.7,34.4,35.25,36.5,35.0,36.0,35.0,38.0,36.0,35.885000000000005
58,38.0,34.7,34.4,35.25,36.5,35.0,36.0,35.0,38.0,36.0,35.885000000000005
59,38.0,34.7,34.4,35.25,36.5,35.0,36.0,35.0,38.0,36.0,35.885000000000005
60,38.0,34.7,34.4,35.25,36.5,35.0,36.0,35.0,38.0,36.0,35.885000000000005
61,38.0,34.7,35.25,35.25,36.5,35.0,36.0,35.0,38.0,36.0,35.97
62,38.0,34.7,35.25,35.25,36.5,35.0,36.0,35.0,38.0,36.0,35.97
63,38.0,34.7,35.25,35.25,36.5,35.0,36.0,35.0,38.0,36.0,35.97
64,38.0,34.7,35.25,35.25,36.5,35.0,36.0,35.0,38.0,36.0,35.97
65,38.0,34.7,35.25,35.25,36.5,35.0,36.0,35.0,38.0,36.0,35.97
66,38.0,34.7,35.25,35.25,36.5,35.0,36.0,35.0,38.0,36.0,35.97
67,38.0,34.7,35.25,35.25,36.5,35.0,37.0,35.0,38.0,36.0,36.07
68,38.0,34.7,35.25,35.25,36.5,35.0,37.0,35.0,38.0,36.0,36.07
69,38.0,35.6,35.25,35.25,36.5,35.0,37.0,35.0,38.0,36.0,36.160000000000004
70,38.0,35.6,35.25,35.25,36.5,35.0,38.0,36.0,38.0,36.0,36.36
71,38.0,35.6,35.25,35.25,36.5,35.0,38.0,36.0,38.0,36.0,36.36
72,38.0,35.6,35.25,35.25,36.5,35.0,38.0,36.0,38.0,36.0,36.36
73,39.0,36.5,35.25,35.25,36.5,35.0,38.0,36.0,38.0,36.0,36.55
74,39.0,36.5,35.25,35.25,36.5,35.0,38.0,36.0,38.0,36.0,36.55
75,39.0,36.5,35.25,35.25,36.5,35.0,38.0,36.0,38.0,36.0,36.55
76,39.0,36.5,35.25,35.25,36.5,35.0,38.0,36.0,38.0,36.0,36.55
77,39.0,36.5,35.25,35.25,36.5,35.0,38.0,36.0,38.0,36.0,36.55
78,39.0,36.5,35.25,35.25,36.5,35.0,38.0,36.0,38.0,36.0,36.55
79,39.0,36.5,35.25,35.25,36.5,35.0,38.0,36.0,38.0,36.0,36.55
80,39.0,36.5,35.25,35.25,36.5,35.0,38.0,36.0,38.0,36.0,36.55
81,39.0,36.5,35.25,35.25,36.5,36.0,38.0,36.0,38.0,36.0,36.65
82,40.0,36.5,35.25,35.25,36.5,36.0,38.0,36.0,38.0,36.0,36.75
83,41.0,36.5,35.25,35.25,36.5,37.0,38.0,36.0,38.0,36.0,36.95
84,41.0,36.5,35.25,35.25,36.5,38.0,38.0,36.0,38.0,36.0,37.05
85,41.0,36.5,35.25,35.25,36.5,38.0,38.0,36.0,38.0,36.0,37.05
86,41.0,36.5,35.25,35.25,36.5,38.0,38.0,36.0,38.0,36.0,37.05
87,41.0,36.5,35.25,35.25,36.5,38.0,38.0,36.0,38.0,36.0,37.05
88,41.0,36.5,35.25,35.25,36.5,38.0,38.0,36.0,38.0,36.0,37.05
89,41.0,36.5,35.25,35.25,36.5,38.0,38.0,36.0,38.0,37.0,37.15
90,41.0,36.5,35.25,35.25,36.5,38.0,38.0,36.0,38.0,37.0,37.15
91,41.0,36.5,35.25,35.25,36.5,38.0,38.0,36.0,38.0,37.0,37.15
92,41.0,36.5,35.25,35.25,36.5,38.0,38.0,36.0,38.0,37.0,37.15
93,41.0,36.5,35.25,35.25,36.5,38.0,38.0,36.0,39.0,38.0,37.35
94,41.0,36.5,35.25,35.25,36.5,38.0,38.0,37.0,39.0,38.0,37.45
95,41.0,36.5,35.25,35.25,36.5,38.0,38.0,38.0,39.0,38.0,37.55
96,41.0,36.5,35.25,35.25,36.5,38.0,38.0,38.0,39.0,38.0,37.55
97,41.0,36.5,35.25,35.25,36.5,38.0,38.0,38.0,39.0,38.0,37.55
98,41.0,36.5,35.25,35.25,36.5,38.0,38.0,38.0,39.0,38.0,37.55
99,41.0,36.5,35.25,35.25,36.5,38.0,38.0,38.0,39.0,38.0,37.55
100,41.0,36.5,35.25,35.25,36.5,38.0,38.0,38.0,40.0,38.0,37.65
101,41.0,36.5,35.25,35.25,36.5,38.0,38.0,38.0,40.0,38.0,37.65
102,41.0,36.5,35.25,35.25,36.5,38.0,38.0,38.0,40.0,38.0,37.65
103,41.0,36.5,35.25,35.25,36.5,38.0,38.0,38.0,41.0,38.0,37.75
104,41.0,36.5,35.25,35.25,36.5,38.0,38.0,38.0,41.0,38.0,37.75
105,41.0,36.5,35.25,35.25,36.5,38.0,38.0,38.0,41.0,38.0,37.75
106,41.0,36.5,35.25,36.1,36.5,38.0,38.0,38.0,41.0,38.0,37.835
107,41.0,36.5,35.25,36.1,36.5,38.0,38.0,38.0,41.0,38.0,37.835
108,41.0,36.5,35.25,36.1,36.5,38.0,38.0,38.0,41.0,38.0,37.835
109,41.0,36.5,35.25,36.1,37.4,38.0,38.0,38.0,41.0,38.0,37.925
110,41.0,36.5,35.25,36.1,37.4,38.0,38.0,38.0,41.0,38.0,37.925
111,41.0,36.5,35.25,36.1,37.4,38.0,38.0,38.0,41.0,38.0,37.925
112,41.0,36.5,35.25,36.1,37.4,38.0,38.0,38.0,41.0,38.0,37.925
113,41.0,36.5,35.25,36.1,37.4,38.0,38.0,38.0,41.0,38.0,37.925
114,41.0,36.5,35.6,36.1,37.4,38.0,38.0,38.0,41.0,38.0,37.96
115,41.0,36.5,36.1,36.95,37.4,38.0,38.0,38.0,41.0,38.0,38.095000000000006
116,41.0,36.5,36.1,36.95,37.4,38.0,38.0,38.0,41.0,38.0,38.095000000000006
117,41.0,36.5,36.1,37.8,37.4,38.0,38.0,38.0,41.0,38.0,38.18
118,41.0,36.5,36.1,37.8,37.4,38.0,38.0,38.0,41.0,39.0,38.28
119,41.0,36.5,36.1,37.8,37.4,38.0,38.0,38.0,41.0,39.0,38.28
120,41.0,36.5,36.1,37.8,37.4,38.0,38.0,38.0,41.0,39.0,38.28
121,41.0,36.5,36.1,37.8,37.4,38.0,38.0,38.0,41.0,39.0,38.28
122,41.0,36.5,36.95,37.8,37.4,38.0,39.0,38.0,41.0,39.0,38.464999999999996
123,41.0,36.5,36.95,37.8,37.4,38.0,39.0,38.0,41.0,39.0,38.464999999999996
124,41.0,36.5,36.95,37.8,38.3,38.0,39.0,38.0,41.0,39.0,38.555
125,41.0,36.5,36.95,37.8,38.3,38.0,39.0,38.0,41.0,39.0,38.555
126,41.0,36.5,36.95,37.8,38.3,38.0,39.0,38.0,41.0,39.0,38.555
127,41.0,36.5,36.95,37.8,38.3,38.0,39.0,38.0,41.0,39.0,38.555
128,41.0,37.4,36.95,37.8,39.2,38.0,40.0,38.0,41.0,39.0,38.835
129,41.0,37.4,36.95,37.8,39.2,38.0,40.0,38.0,41.0,39.0,38.835
130,41.0,37.4,36.95,37.8,39.2,38.0,41.0,38.0,41.0,39.0,38.935
131,41.0,37.4,36.95,37.8,39.2,38.0,41.0,38.0,41.0,39.0,38.935
132,41.0,37.4,37.8,37.8,39.2,38.0,41.0,38.0,41.0,39.0,39.019999999999996
133,41.0,37.4,37.8,37.8,39.2,38.0,41.0,38.0,41.0,39.0,39.019999999999996
134,41.0,37.4,37.8,37.8,39.2,38.0,41.0,38.0,41.0,39.0,39.019999999999996
135,41.0,37.4,37.8,37.8,39.2,38.0,41.0,39.0,41.0,39.0,39.12
136,41.0,37.4,37.8,37.8,39.2,38.0,41.0,39.0,41.0,39.0,39.12
137,41.0,37.4,37.8,37.8,39.2,38.0,41.0,39.0,41.0,39.0,39.12
138,41.0,37.4,37.8,37.8,39.2,38.0,41.0,39.0,41.0,39.0,39.12
139,41.0,38.3,37.8,37.8,39.2,38.0,41.0,39.0,41.0,39.0,39.209999999999994
140,41.0,38.3,37.8,37.8,39.2,38.0,41.0,39.0,41.0,39.0,39.209999999999994
141,41.0,38.3,37.8,37.8,39.2,38.0,41.0,39.0,41.0,39.0,39.209999999999994
142,41.0,38.3,37.8,37.8,39.2,38.0,41.0,39.0,41.0,39.0,39.209999999999994
143,41.0,39.2,37.8,37.8,39.2,38.0,41.0,39.0,41.0,39.0,39.3
144,41.0,39.2,37.8,37.8,39.2,38.0,41.0,39.0,41.0,39.0,39.3
145,41.0,39.2,37.8,37.8,39.2,38.0,41.0,39.0,41.0,39.0,39.3
146,41.0,39.2,37.8,37.8,39.2,38.0,41.0,39.0,41.0,39.0,39.3
147,41.0,39.2,37.8,37.8,39.2,38.0,41.0,39.0,41.0,39.0,39.3
148,41.0,39.2,37.8,37.8,39.2,39.0,41.0,39.0,41.0,39.0,39.4
149,41.0,39.2,37.8,37.8,39.2,39.0,41.0,39.0,41.0,39.0,39.4
150,41.0,39.2,37.8,37.8,39.2,39.0,41.0,39.0,41.0,39.0,39.4
151,41.0,39.2,37.8,37.8,39.2,39.0,41.0,39.0,41.0,39.0,39.4
152,41.0,39.2,37.8,37.8,39.2,39.0,41.0,39.0,41.0,39.0,39.4
153,41.0,39.2,37.8,37.8,39.2,39.0,41.0,39.0,41.0,39.0,39.4
154,42.0,39.2,37.8,37.8,39.2,39.0,41.0,39.0,41.0,39.0,39.5
155,42.0,39.2,37.8,37.8,39.2,39.0,41.0,39.0,41.0,39.0,39.5
156,42.0,39.2,37.8,37.8,39.2,40.0,41.0,39.0,42.0,39.0,39.7
157,42.0,39.2,37.8,37.8,39.2,40.0,41.0,39.0,42.0,39.0,39.7
158,42.0,39.2,37.8,37.8,39.2,40.0,41.0,39.0,42.0,39.0,39.7
159,42.0,39.2,37.8,37.8,39.2,41.0,41.0,39.0,42.0,39.0,39.8
160,42.0,39.2,37.8,37.8,39.2,41.0,41.0,39.0,42.0,39.0,39.8
161,42.0,39.2,37.8,37.8,39.2,41.0,41.0,39.0,42.0,39.0,39.8
162,43.0,39.2,37.8,37.8,39.2,41.0,41.0,39.0,42.0,39.0,39.9
163,43.0,39.2,37.8,37.8,39.2,41.0,41.0,39.0,42.0,40.0,40.0
164,43.0,39.2,37.8,37.8,39.2,41.0,41.0,39.0,42.0,40.0,40.0
165,44.0,39.2,37.8,37.8,39.2,41.0,41.0,39.0,42.0,40.0,40.1
166,44.0,39.2,37.8,37.8,39.2,41.0,41.0,40.0,42.0,40.0,40.2
167,44.0,39.2,37.8,37.8,39.2,41.0,41.0,41.0,43.0,41.0,40.5
168,44.0,39.2,37.8,37.8,39.2,41.0,41.0,41.0,43.0,41.0,40.5
169,44.0,39.2,37.8,37.8,39.2,41.0,41.0,41.0,43.0,41.0,40.5
170,44.0,39.2,37.8,37.8,39.2,41.0,41.0,41.0,44.0,41.0,40.6
171,44.0,39.2,37.8,37.8,39.2,41.0,41.0,41.0,44.0,41.0,40.6
172,44.0,39.2,37.8,37.8,39.2,41.0,41.0,41.0,44.0,41.0,40.6
173,44.0,39.2,37.8,37.8,39.2,41.0,41.0,41.0,44.0,41.0,40.6
174,44.0,39.2,37.8,37.8,39.2,41.0,41.0,41.0,44.0,41.0,40.6
175,44.0,39.2,37.8,37.8,39.2,41.0,41.0,41.0,44.0,41.0,40.6
176,44.0,39.2,37.8,37.8,39.2,41.0,41.0,41.0,44.0,41.0,40.6
177,44.0,39.2,37.8,37.8,39.2,41.0,41.0,41.0,44.0,41.0,40.6
178,44.0,39.2,37.8,37.8,39.2,41.0,41.0,41.0,44.0,41.0,40.6
179,44.0,39.2,37.8,37.8,39.2,41.0,41.0,41.0,44.0,41.0,40.6
180,44.0,39.2,37.8,37.8,39.2,41.0,41.0,41.0,44.0,41.0,40.6
181,44.0,39.2,37.8,37.8,39.2,41.0,41.0,41.0,44.0,41.0,40.6
182,44.0,39.2,37.8,37.8,39.2,41.0,41.0,41.0,44.0,41.0,40.6
183,44.0,39.2,37.8,37.8,39.2,41.0,41.0,41.0,44.0,41.0,40.6
184,44.0,39.2,37.8,37.8,39.2,41.0,41.0,41.0,44.0,41.0,40.6
185,44.0,39.2,37.8,37.8,39.2,41.0,41.0,41.0,44.0,41.0,40.6
186,44.0,39.2,37.8,37.8,39.2,41.0,41.0,41.0,44.0,41.0,40.6
187,44.0,39.2,37.8,37.8,39.2,41.0,41.0,41.0,44.0,41.0,40.6
188,44.0,39.2,37.8,37.8,39.2,41.0,41.0,41.0,44.0,41.0,40.6
189,44.0,39.2,37.8,37.8,39.2,41.0,41.0,41.0,44.0,41.0,40.6
190,44.0,39.2,37.8,37.8,39.2,41.0,41.0,41.0,44.0,41.0,40.6
191,44.0,39.2,37.8,37.8,39.2,41.0,41.0,41.0,44.0,41.0,40.6
192,44.0,39.2,37.8,37.8,39.2,41.0,41.0,41.0,44.0,41.0,40.6
193,44.0,39.2,37.8,37.8,39.2,41.0,41.0,41.0,44.0,41.0,40.6
194,44.0,39.2,37.8,37.8,39.2,41.0,41.0,41.0,44.0,41.0,40.6
195,44.0,39.2,37.8,37.8,39.2,41.0,41.0,41.0,44.0,41.0,40.6
196,44.0,39.2,37.8,37.8,39.2,41.0,41.0,41.0,44.0,41.0,40.6
197,44.0,39.2,37.8,37.8,39.2,41.0,41.0,41.0,44.0,41.0,40.6
198,44.0,39.2,37.8,37.8,39.2,41.0,41.0,41.0,44.0,41.0,40.6
199,44.0,39.2,37.8,37.8,39.2,41.0,41.0,41.0,44.0,41.0,40.6
200,44.0,39.2,37.8,37.8,39.2,41.0,41.0,41.0,44.0,41.0,40.6
201,44.0,39.2,37.8,37.8,39.2,41.0,41.0,41.0,44.0,41.0,40.6
202,44.0,39.2,37.8,37.8,39.2,41.0,41.0,41.0,44.0,41.0,40.6
203,44.0,39.2,38.65,37.8,39.2,41.0,41.0,41.0,44.0,41.0,40.684999999999995
204,44.0,39.2,38.65,37.8,39.2,41.0,41.0,41.0,44.0,41.0,40.684999999999995
205,44.0,39.2,38.65,37.8,39.2,41.0,41.0,41.0,44.0,41.0,40.684999999999995
206,44.0,39.2,38.65,37.8,39.2,41.0,41.0,41.0,44.0,41.0,40.684999999999995
207,44.0,39.2,38.65,37.8,39.2,41.0,41.0,41.0,44.0,41.0,40.684999999999995
208,44.0,39.2,38.65,37.8,39.2,41.0,41.0,41.0,44.0,41.0,40.684999999999995
209,44.0,39.2,38.65,37.8,39.2,41.0,41.0,41.0,44.0,41.0,40.684999999999995
210,44.0,39.2,38.65,37.8,39.2,41.0,41.0,41.0,44.0,41.0,40.684999999999995
211,44.0,39.2,39.5,37.8,39.2,41.0,41.0,41.0,44.0,41.0,40.769999999999996
212,44.0,39.2,39.5,37.8,39.2,41.0,41.0,41.0,44.0,41.0,40.769999999999996
213,44.0,39.2,40.35,37.8,40.1,41.0,41.0,41.0,44.0,41.0,40.94500000000001
214,44.0,39.2,40.35,38.65,40.1,41.0,41.0,41.0,44.0,41.0,41.029999999999994
215,44.0,39.2,40.35,38.65,40.1,41.0,41.0,41.0,44.0,41.0,41.029999999999994
216,44.0,39.2,40.35,38.65,40.1,41.0,41.0,41.0,44.0,41.0,41.029999999999994
217,44.0,39.2,40.35,38.65,40.1,41.0,41.0,41.0,44.0,41.0,41.029999999999994
218,44.0,39.2,40.35,38.65,40.1,41.0,41.0,41.0,44.0,41.0,41.029999999999994
219,44.0,39.2,40.35,38.65,40.1,41.0,41.0,42.0,44.0,41.0,41.129999999999995
220,44.0,39.2,40.35,38.65,40.1,41.0,41.0,42.0,44.0,41.0,41.129999999999995
221,44.0,39.2,40.35,38.65,40.1,41.0,41.0,42.0,44.0,41.0,41.129999999999995
222,44.0,39.2,40.35,38.65,41.0,41.0,41.0,42.0,44.0,41.0,41.22
223,44.0,39.2,40.35,38.65,41.9,41.0,41.0,42.0,44.0,41.0,41.31
224,44.0,40.1,40.35,38.65,41.9,41.0,41.0,42.0,44.0,41.0,41.4
225,44.0,40.1,40.35,38.65,41.9,41.0,41.0,42.0,44.0,41.0,41.4
226,44.0,40.1,40.35,38.65,41.9,41.0,41.0,42.0,44.0,41.0,41.4
227,44.0,40.1,40.35,38.65,41.9,41.0,41.0,42.0,44.0,41.0,41.4
228,44.0,40.1,40.35,38.65,41.9,41.0,42.0,42.0,44.0,42.0,41.6
229,44.0,40.1,40.35,38.65,41.9,41.0,42.0,42.0,44.0,42.0,41.6
230,44.0,40.1,40.35,38.65,41.9,41.0,42.0,42.0,44.0,42.0,41.6
231,44.0,40.1,40.35,39.5,41.9,41.0,42.0,42.0,44.0,42.0,41.685
232,44.0,40.1,40.35,39.5,41.9,41.0,42.0,42.0,44.0,42.0,41.685
233,44.0,40.1,40.35,40.35,41.9,41.0,42.0,42.0,44.0,42.0,41.77
234,44.0,40.1,40.35,40.35,41.9,41.0,42.0,42.0,44.0,42.0,41.77
235,44.0,40.1,40.35,40.35,41.9,41.0,42.0,42.0,44.0,42.0,41.77
236,44.0,40.1,40.35,40.35,41.9,41.0,42.0,42.0,44.0,42.0,41.77
237,44.0,40.1,40.35,40.35,41.9,41.0,43.0,42.0,44.0,42.0,41.870000000000005
238,45.0,40.1,40.35,40.35,41.9,41.0,43.0,42.0,44.0,42.0,41.970000000000006
239,45.0,40.1,40.35,40.35,41.9,41.0,44.0,42.0,44.0,42.0,42.07000000000001
240,45.0,40.1,40.35,40.35,41.9,41.0,44.0,42.0,44.0,42.0,42.07000000000001
241,45.0,40.1,40.35,40.35,41.9,41.0,44.0,42.0,44.0,42.0,42.07000000000001
242,45.0,40.1,40.35,40.35,41.9,41.0,44.0,42.0,44.0,42.0,42.07000000000001
243,45.0,41.0,40.35,40.35,41.9,41.0,44.0,42.0,44.0,42.0,42.160000000000004
244,45.0,41.9,40.35,40.35,41.9,41.0,44.0,42.0,44.0,42.0,42.25
245,45.0,41.9,40.35,40.35,41.9,41.0,44.0,42.0,44.0,42.0,42.25
246,46.0,41.9,40.35,40.35,41.9,41.0,44.0,42.0,44.0,42.0,42.35
247,47.0,41.9,40.35,40.35,41.9,41.0,44.0,42.0,44.0,42.0,42.45
248,47.0,41.9,40.35,40.35,41.9,41.0,44.0,42.0,44.0,42.0,42.45
249,47.0,41.9,40.35,40.35,41.9,41.0,44.0,42.0,44.0,42.0,42.45
250,47.0,41.9,40.35,40.35,41.9,41.0,44.0,42.0,44.0,42.0,42.45
251,47.0,41.9,40.35,40.35,41.9,41.0,44.0,42.0,44.0,42.0,42.45
252,47.0,41.9,40.35,40.35,41.9,41.0,44.0,42.0,44.0,42.0,42.45
253,47.0,41.9,40.35,40.35,41.9,41.0,44.0,42.0,45.0,42.0,42.55
254,47.0,41.9,40.35,40.35,41.9,41.0,44.0,42.0,45.0,42.0,42.55
255,47.0,41.9,40.35,40.35,41.9,41.0,44.0,42.0,45.0,42.0,42.55
256,47.0,41.9,40.35,40.35,41.9,41.0,44.0,42.0,45.0,42.0,42.55
257,47.0,41.9,40.35,40.35,41.9,41.0,44.0,42.0,45.0,42.0,42.55
258,47.0,41.9,40.35,40.35,41.9,41.0,44.0,42.0,45.0,42.0,42.55
259,47.0,41.9,40.35,40.35,41.9,41.0,44.0,42.0,46.0,42.0,42.65
260,47.0,41.9,40.35,40.35,41.9,42.0,44.0,42.0,47.0,42.0,42.85
261,47.0,41.9,40.35,40.35,41.9,42.0,44.0,42.0,47.0,42.0,42.85
262,47.0,41.9,40.35,40.35,41.9,42.0,44.0,42.0,47.0,42.0,42.85
263,47.0,41.9,40.35,40.35,41.9,42.0,44.0,42.0,47.0,42.0,42.85
264,47.0,41.9,40.35,40.35,41.9,42.0,44.0,42.0,47.0,42.0,42.85
265,47.0,41.9,40.35,40.35,41.9,42.0,44.0,42.0,47.0,42.0,42.85
266,47.0,41.9,40.35,40.35,41.9,42.0,44.0,42.0,47.0,42.0,42.85
267,47.0,41.9,40.35,40.35,41.9,43.0,44.0,42.0,47.0,42.0,42.95
268,47.0,41.9,40.35,40.35,41.9,43.0,44.0,42.0,47.0,42.0,42.95
269,47.0,41.9,40.35,40.35,41.9,43.0,44.0,42.0,47.0,42.0,42.95
270,47.0,41.9,40.35,40.35,41.9,44.0,44.0,42.0,47.0,42.0,43.05
271,47.0,41.9,40.35,40.35,41.9,44.0,44.0,42.0,47.0,42.0,43.05
272,47.0,41.9,40.35,40.35,41.9,44.0,44.0,42.0,47.0,42.0,43.05
273,47.0,41.9,40.35,40.35,41.9,44.0,44.0,42.0,47.0,42.0,43.05
274,47.0,41.9,40.35,40.35,41.9,44.0,44.0,42.0,47.0,42.0,43.05
275,47.0,41.9,40.35,40.35,41.9,44.0,44.0,42.0,47.0,42.0,43.05
276,47.0,41.9,40.35,40.35,41.9,44.0,44.0,42.0,47.0,42.0,43.05
277,47.0,41.9,40.35,40.35,41.9,44.0,44.0,42.0,47.0,42.0,43.05
278,47.0,41.9,40.35,40.35,41.9,44.0,44.0,42.0,47.0,42.0,43.05
279,47.0,41.9,40.35,40.35,41.9,44.0,44.0,42.0,47.0,42.0,43.05
280,47.0,41.9,40.35,40.35,41.9,44.0,44.0,42.0,47.0,42.0,43.05
281,47.0,41.9,40.35,40.35,41.9,44.0,44.0,43.0,47.0,42.0,43.15
282,47.0,41.9,40.35,40.35,41.9,44.0,44.0,44.0,47.0,42.0,43.25
283,47.0,41.9,40.35,40.35,41.9,44.0,44.0,44.0,47.0,42.0,43.25
284,47.0,41.9,40.35,40.35,41.9,44.0,44.0,44.0,47.0,42.0,43.25
285,47.0,41.9,40.35,40.35,41.9,44.0,44.0,44.0,47.0,42.0,43.25
286,47.0,41.9,40.35,40.35,41.9,44.0,44.0,44.0,47.0,42.0,43.25
287,47.0,41.9,40.35,40.35,41.9,44.0,44.0,44.0,47.0,42.0,43.25
288,47.0,41.9,40.35,40.35,41.9,44.0,44.0,44.0,47.0,43.0,43.35
289,47.0,41.9,40.35,40.35,41.9,44.0,44.0,44.0,47.0,44.0,43.45
290,47.0,41.9,40.35,40.35,41.9,44.0,44.0,44.0,47.0,44.0,43.45
291,47.0,41.9,40.35,40.35,41.9,44.0,44.0,44.0,47.0,44.0,43.45
292,47.0,41.9,40.35,40.35,41.9,44.0,44.0,44.0,47.0,44.0,43.45
293,47.0,41.9,40.35,40.35,41.9,44.0,44.0,44.0,47.0,44.0,43.45
294,47.0,41.9,40.35,40.35,41.9,44.0,44.0,44.0,47.0,44.0,43.45
295,47.0,41.9,40.35,40.35,41.9,44.0,44.0,44.0,47.0,44.0,43.45
296,47.0,41.9,40.35,40.35,41.9,44.0,44.0,44.0,47.0,44.0,43.45
297,47.0,41.9,40.35,40.35,41.9,44.0,44.0,44.0,47.0,44.0,43.45
298,47.0,41.9,40.35,40.35,41.9,44.0,44.0,44.0,47.0,44.0,43.45
299,47.0,41.9,40.35,40.35,41.9,44.0,44.0,44.0,47.0,44.0,43.45
300,47.0,41.9,40.35,40.35,41.9,44.0,44.0,44.0,47.0,44.0,43.45
301,47.0,41.9,40.35,40.35,41.9,44.0,44.0,44.0,47.0,44.0,43.45
302,47.0,41.9,40.35,40.35,41.9,44.0,44.0,44.0,47.0,44.0,43.45
303,47.0,41.9,40.35,40.35,41.9,44.0,44.0,44.0,47.0,44.0,43.45
304,47.0,41.9,40.35,40.35,41.9,44.0,44.0,44.0,47.0,44.0,43.45
305,47.0,41.9,40.35,40.35,41.9,44.0,44.0,44.0,47.0,44.0,43.45
306,47.0,41.9,40.35,40.35,41.9,44.0,44.0,44.0,47.0,44.0,43.45
307,47.0,41.9,40.35,40.35,41.9,44.0,44.0,44.0,47.0,44.0,43.45
308,47.0,41.9,40.35,40.35,41.9,44.0,44.0,44.0,47.0,44.0,43.45
309,47.0,41.9,41.2,40.35,41.9,44.0,44.0,44.0,47.0,44.0,43.535000000000004
310,47.0,41.9,41.2,40.35,41.9,44.0,44.0,44.0,47.0,44.0,43.535000000000004
311,47.0,41.9,41.2,40.35,41.9,44.0,44.0,44.0,47.0,44.0,43.535000000000004
312,47.0,41.9,41.2,40.35,41.9,44.0,44.0,44.0,47.0,44.0,43.535000000000004
313,47.0,41.9,41.2,40.35,41.9,44.0,44.0,44.0,47.0,44.0,43.535000000000004
314,47.0,41.9,41.2,40.35,41.9,44.0,44.0,44.0,47.0,44.0,43.535000000000004
315,47.0,41.9,41.2,40.35,41.9,44.0,44.0,44.0,47.0,44.0,43.535000000000004
316,47.0,41.9,41.2,40.35,41.9,44.0,44.0,44.0,47.0,44.0,43.535000000000004
317,47.0,41.9,41.2,40.35,41.9,44.0,44.0,44.0,47.0,44.0,43.535000000000004
318,47.0,41.9,42.9,40.35,41.9,44.0,44.0,44.0,47.0,44.0,43.705
319,47.0,41.9,42.9,40.35,41.9,44.0,44.0,44.0,47.0,44.0,43.705
320,47.0,41.9,42.9,40.35,41.9,44.0,44.0,44.0,47.0,44.0,43.705
321,47.0,41.9,42.9,40.35,41.9,44.0,44.0,44.0,47.0,44.0,43.705
322,47.0,41.9,42.9,40.35,41.9,44.0,44.0,44.0,47.0,44.0,43.705
323,47.0,41.9,42.9,40.35,41.9,44.0,44.0,44.0,47.0,44.0,43.705
324,47.0,41.9,42.9,40.35,41.9,44.0,44.0,44.0,47.0,44.0,43.705
325,47.0,41.9,42.9,40.35,41.9,44.0,44.0,44.0,47.0,44.0,43.705
326,47.0,41.9,42.9,40.35,41.9,44.0,44.0,44.0,47.0,44.0,43.705
327,47.0,41.9,42.9,40.35,41.9,44.0,44.0,44.0,47.0,44.0,43.705
328,47.0,41.9,42.9,40.35,41.9,44.0,44.0,44.0,47.0,44.0,43.705
329,47.0,41.9,42.9,40.35,41.9,44.0,44.0,44.0,47.0,44.0,43.705
330,47.0,41.9,42.9,40.35,41.9,44.0,44.0,44.0,47.0,44.0,43.705
331,47.0,41.9,42.9,40.35,41.9,44.0,44.0,44.0,47.0,44.0,43.705
332,47.0,41.9,42.9,40.35,41.9,44.0,44.0,44.0,47.0,44.0,43.705
333,47.0,41.9,42.9,40.35,41.9,44.0,44.0,44.0,47.0,44.0,43.705
334,47.0,41.9,42.9,40.35,41.9,44.0,44.0,44.0,47.0,44.0,43.705
335,47.0,41.9,42.9,41.2,41.9,44.0,44.0,44.0,47.0,44.0,43.79
336,47.0,41.9,42.9,41.2,41.9,44.0,44.0,44.0,47.0,44.0,43.79
337,47.0,41.9,42.9,41.2,41.9,44.0,44.0,44.0,47.0,44.0,43.79
338,47.0,41.9,42.9,41.2,41.9,44.0,44.0,44.0,47.0,44.0,43.79
339,47.0,41.9,42.9,41.2,41.9,44.0,44.0,44.0,47.0,44.0,43.79
340,47.0,41.9,42.9,41.2,41.9,44.0,44.0,44.0,47.0,44.0,43.79
341,47.0,41.9,42.9,41.2,41.9,44.0,44.0,44.0,47.0,44.0,43.79
342,47.0,41.9,42.9,41.2,41.9,44.0,44.0,44.0,47.0,44.0,43.79
343,47.0,41.9,42.9,41.2,41.9,44.0,44.0,44.0,47.0,44.0,43.79
344,47.0,41.9,42.9,41.2,41.9,44.0,44.0,44.0,47.0,44.0,43.79
345,47.0,41.9,42.9,41.2,42.8,44.0,44.0,44.0,47.0,44.0,43.88
346,47.0,41.9,42.9,42.9,42.8,44.0,44.0,44.0,47.0,44.0,44.05
347,47.0,41.9,42.9,42.9,42.8,44.0,44.0,44.0,47.0,44.0,44.05
348,47.0,41.9,42.9,42.9,42.8,44.0,44.0,44.0,47.0,44.0,44.05
349,47.0,42.8,42.9,42.9,42.8,44.0,44.0,44.0,47.0,44.0,44.14
350,47.0,42.8,42.9,42.9,42.8,44.0,44.0,44.0,47.0,44.0,44.14
351,47.0,42.8,42.9,42.9,43.7,44.0,44.0,44.0,47.0,44.0,44.23
352,47.0,42.8,42.9,42.9,44.6,44.0,44.0,44.0,47.0,44.0,44.32
353,47.0,42.8,42.9,42.9,44.6,44.0,44.0,44.0,47.0,44.0,44.32
354,47.0,42.8,42.9,42.9,44.6,44.0,44.0,44.0,47.0,44.0,44.32
355,47.0,42.8,42.9,42.9,44.6,44.0,44.0,45.0,47.0,44.0,44.42
356,47.0,42.8,42.9,42.9,44.6,44.0,44.0,45.0,47.0,44.0,44.42
357,47.0,42.8,42.9,42.9,44.6,44.0,44.0,45.0,47.0,44.0,44.42
358,47.0,42.8,42.9,42.9,44.6,44.0,44.0,45.0,47.0,44.0,44.42
359,47.0,42.8,42.9,42.9,44.6,44.0,44.0,45.0,47.0,44.0,44.42
360,47.0,42.8,42.9,42.9,44.6,44.0,44.0,45.0,47.0,45.0,44.519999999999996
361,47.0,42.8,42.9,42.9,44.6,45.0,44.0,45.0,47.0,45.0,44.62
362,47.0,42.8,42.9,42.9,44.6,45.0,44.0,45.0,47.0,45.0,44.62
363,47.0,42.8,42.9,42.9,44.6,45.0,44.0,45.0,47.0,45.0,44.62
364,47.0,42.8,42.9,42.9,44.6,45.0,44.0,45.0,47.0,45.0,44.62
365,47.0,42.8,42.9,42.9,44.6,45.0,44.0,45.0,47.0,45.0,44.62
366,47.0,42.8,42.9,42.9,44.6,45.0,44.0,45.0,47.0,45.0,44.62
367,47.0,42.8,42.9,42.9,44.6,47.0,44.0,45.0,47.0,45.0,44.82
368,47.0,42.8,42.9,42.9,44.6,47.0,44.0,45.0,47.0,45.0,44.82
369,47.0,42.8,42.9,42.9,44.6,47.0,44.0,45.0,47.0,45.0,44.82
370,47.0,42.8,42.9,42.9,44.6,47.0,44.0,45.0,47.0,45.0,44.82
371,47.0,42.8,42.9,42.9,44.6,47.0,44.0,45.0,47.0,45.0,44.82
372,47.0,42.8,42.9,42.9,44.6,47.0,44.0,45.0,47.0,45.0,44.82
373,47.0,42.8,42.9,42.9,44.6,47.0,44.0,45.0,47.0,45.0,44.82
374,48.0,42.8,42.9,42.9,44.6,47.0,44.0,45.0,47.0,45.0,44.92
375,48.0,42.8,42.9,42.9,44.6,47.0,44.0,45.0,47.0,45.0,44.92
376,50.0,42.8,42.9,42.9,44.6,47.0,44.0,45.0,47.0,45.0,45.12
377,50.0,42.8,42.9,42.9,44.6,47.0,45.0,45.0,47.0,45.0,45.22
378,50.0,42.8,42.9,42.9,44.6,47.0,45.0,45.0,47.0,45.0,45.22
379,50.0,43.7,42.9,42.9,44.6,47.0,45.0,45.0,47.0,45.0,45.31
380,50.0,44.6,42.9,42.9,44.6,47.0,45.0,45.0,47.0,45.0,45.4
381,50.0,44.6,42.9,42.9,44.6,47.0,45.0,45.0,47.0,45.0,45.4
382,50.0,44.6,42.9,42.9,44.6,47.0,47.0,45.0,47.0,45.0,45.6
383,50.0,44.6,42.9,42.9,44.6,47.0,47.0,45.0,47.0,45.0,45.6
384,50.0,44.6,42.9,42.9,44.6,47.0,47.0,45.0,47.0,45.0,45.6
385,50.0,44.6,42.9,42.9,44.6,47.0,47.0,45.0,47.0,45.0,45.6
386,50.0,44.6,42.9,42.9,44.6,47.0,47.0,45.0,47.0,45.0,45.6
387,50.0,44.6,42.9,42.9,44.6,47.0,47.0,45.0,47.0,45.0,45.6
388,50.0,44.6,42.9,42.9,44.6,47.0,47.0,45.0,47.0,45.0,45.6
389,50.0,44.6,42.9,42.9,44.6,47.0,47.0,45.0,47.0,45.0,45.6
390,50.0,44.6,42.9,42.9,44.6,47.0,47.0,45.0,47.0,45.0,45.6
391,50.0,44.6,42.9,42.9,44.6,47.0,47.0,45.0,47.0,45.0,45.6
392,50.0,44.6,42.9,42.9,44.6,47.0,47.0,45.0,47.0,45.0,45.6
393,50.0,44.6,42.9,42.9,44.6,47.0,47.0,45.0,47.0,45.0,45.6
394,50.0,44.6,42.9,42.9,44.6,47.0,47.0,45.0,47.0,45.0,45.6
395,50.0,44.6,42.9,42.9,44.6,47.0,47.0,45.0,47.0,45.0,45.6
396,50.0,44.6,42.9,42.9,44.6,47.0,47.0,45.0,47.0,45.0,45.6
397,50.0,44.6,42.9,42.9,44.6,47.0,47.0,45.0,47.0,45.0,45.6
398,50.0,44.6,42.9,42.9,44.6,47.0,47.0,45.0,47.0,45.0,45.6
399,50.0,44.6,42.9,42.9,44.6,47.0,47.0,45.0,47.0,45.0,45.6
400,50.0,44.6,42.9,42.9,44.6,47.0,47.0,45.0,47.0,45.0,45.6
401,50.0,44.6,42.9,42.9,44.6,47.0,47.0,45.0,47.0,45.0,45.6
402,50.0,44.6,42.9,42.9,44.6,47.0,47.0,45.0,47.0,45.0,45.6
403,50.0,44.6,42.9,42.9,44.6,47.0,47.0,45.0,47.0,45.0,45.6
404,50.0,44.6,42.9,42.9,44.6,47.0,47.0,45.0,47.0,45.0,45.6
405,50.0,44.6,42.9,42.9,44.6,47.0,47.0,45.0,47.0,45.0,45.6
406,50.0,44.6,42.9,42.9,44.6,47.0,47.0,45.0,47.0,45.0,45.6
407,50.0,44.6,42.9,42.9,44.6,47.0,47.0,45.0,47.0,45.0,45.6
408,50.0,44.6,42.9,42.9,44.6,47.0,47.0,45.0,47.0,45.0,45.6
409,50.0,44.6,42.9,42.9,44.6,47.0,47.0,45.0,47.0,45.0,45.6
410,50.0,44.6,42.9,42.9,44.6,47.0,47.0,45.0,47.0,45.0,45.6
411,50.0,44.6,42.9,42.9,44.6,47.0,47.0,45.0,47.0,45.0,45.6
412,50.0,44.6,42.9,42.9,44.6,47.0,47.0,45.0,47.0,45.0,45.6
413,50.0,44.6,42.9,42.9,44.6,47.0,47.0,45.0,47.0,45.0,45.6
414,50.0,44.6,42.9,42.9,44.6,47.0,47.0,45.0,47.0,45.0,45.6
415,50.0,44.6,42.9,42.9,44.6,47.0,47.0,45.0,47.0,45.0,45.6
416,50.0,44.6,42.9,42.9,44.6,47.0,47.0,45.0,47.0,45.0,45.6
417,50.0,44.6,42.9,42.9,44.6,47.0,47.0,45.0,48.0,45.0,45.7
418,50.0,44.6,42.9,42.9,44.6,47.0,47.0,45.0,48.0,45.0,45.7
419,50.0,44.6,42.9,42.9,44.6,47.0,47.0,45.0,48.0,45.0,45.7
420,50.0,44.6,42.9,42.9,44.6,47.0,47.0,45.0,48.0,45.0,45.7
421,50.0,44.6,42.9,42.9,44.6,47.0,47.0,45.0,48.0,45.0,45.7
422,50.0,44.6,42.9,42.9,44.6,47.0,47.0,45.0,50.0,45.0,45.9
423,50.0,44.6,42.9,42.9,44.6,47.0,47.0,45.0,50.0,45.0,45.9
424,50.0,44.6,42.9,42.9,44.6,47.0,47.0,45.0,50.0,45.0,45.9
425,50.0,44.6,42.9,42.9,44.6,47.0,47.0,45.0,50.0,45.0,45.9
426,50.0,44.6,42.9,42.9,44.6,47.0,47.0,45.0,50.0,45.0,45.9
427,50.0,44.6,42.9,42.9,44.6,47.0,47.0,45.0,50.0,45.0,45.9
428,50.0,44.6,42.9,42.9,44.6,47.0,47.0,45.0,50.0,45.0,45.9
429,50.0,44.6,42.9,42.9,44.6,47.0,47.0,45.0,50.0,45.0,45.9
430,50.0,44.6,42.9,42.9,44.6,47.0,47.0,45.0,50.0,45.0,45.9
431,50.0,44.6,42.9,42.9,44.6,47.0,47.0,45.0,50.0,45.0,45.9
432,50.0,44.6,42.9,42.9,44.6,47.0,47.0,45.0,50.0,45.0,45.9
433,50.0,44.6,42.9,42.9,44.6,47.0,47.0,45.0,50.0,45.0,45.9
434,50.0,44.6,42.9,42.9,44.6,47.0,47.0,45.0,50.0,45.0,45.9
435,50.0,44.6,42.9,42.9,44.6,47.0,47.0,45.0,50.0,45.0,45.9
436,50.0,44.6,42.9,42.9,44.6,47.0,47.0,45.0,50.0,45.0,45.9
437,50.0,44.6,42.9,42.9,44.6,47.0,47.0,45.0,50.0,45.0,45.9
438,50.0,44.6,42.9,42.9,44.6,47.0,47.0,45.0,50.0,45.0,45.9
439,50.0,44.6,42.9,42.9,44.6,47.0,47.0,45.0,50.0,45.0,45.9
440,50.0,44.6,42.9,42.9,44.6,47.0,47.0,45.0,50.0,45.0,45.9
441,50.0,44.6,42.9,42.9,44.6,47.0,47.0,45.0,50.0,45.0,45.9
442,50.0,44.6,42.9,42.9,44.6,47.0,47.0,45.0,50.0,45.0,45.9
443,50.0,44.6,42.9,42.9,44.6,47.0,47.0,45.0,50.0,45.0,45.9
444,50.0,44.6,42.9,42.9,44.6,47.0,47.0,45.0,50.0,45.0,45.9
445,50.0,44.6,42.9,42.9,44.6,47.0,47.0,45.0,50.0,45.0,45.9
446,50.0,44.6,42.9,42.9,44.6,47.0,47.0,45.0,50.0,45.0,45.9
447,50.0,44.6,42.9,42.9,44.6,47.0,47.0,45.0,50.0,45.0,45.9
448,50.0,44.6,42.9,42.9,44.6,47.0,47.0,45.0,50.0,45.0,45.9
449,50.0,44.6,42.9,42.9,44.6,47.0,47.0,45.0,50.0,45.0,45.9
450,50.0,44.6,42.9,42.9,44.6,47.0,47.0,45.0,50.0,45.0,45.9
451,50.0,44.6,42.9,42.9,44.6,47.0,47.0,45.0,50.0,45.0,45.9
452,50.0,44.6,42.9,42.9,44.6,47.0,47.0,45.0,50.0,45.0,45.9
453,50.0,44.6,42.9,42.9,44.6,47.0,47.0,45.0,50.0,45.0,45.9
454,50.0,44.6,42.9,42.9,44.6,47.0,47.0,45.0,50.0,45.0,45.9
455,50.0,44.6,42.9,42.9,44.6,47.0,47.0,45.0,50.0,45.0,45.9
456,50.0,44.6,42.9,42.9,44.6,47.0,47.0,45.0,50.0,45.0,45.9
457,50.0,44.6,42.9,42.9,44.6,47.0,47.0,47.0,50.0,45.0,46.1
458,50.0,44.6,42.9,42.9,44.6,47.0,47.0,47.0,50.0,45.0,46.1
459,50.0,44.6,42.9,42.9,44.6,47.0,47.0,47.0,50.0,45.0,46.1
460,50.0,44.6,42.9,42.9,44.6,47.0,47.0,47.0,50.0,45.0,46.1
461,50.0,44.6,42.9,42.9,44.6,47.0,47.0,47.0,50.0,45.0,46.1
462,50.0,44.6,42.9,42.9,44.6,47.0,47.0,47.0,50.0,45.0,46.1
463,50.0,44.6,42.9,42.9,44.6,47.0,47.0,47.0,50.0,45.0,46.1
464,50.0,44.6,42.9,42.9,44.6,47.0,47.0,47.0,50.0,45.0,46.1
465,50.0,44.6,42.9,42.9,44.6,47.0,47.0,47.0,50.0,45.0,46.1
466,50.0,44.6,42.9,42.9,44.6,47.0,47.0,47.0,50.0,45.0,46.1
467,50.0,44.6,42.9,42.9,44.6,47.0,47.0,47.0,50.0,45.0,46.1
468,50.0,44.6,42.9,42.9,44.6,47.0,47.0,47.0,50.0,45.0,46.1
469,50.0,44.6,42.9,42.9,44.6,47.0,47.0,47.0,50.0,45.0,46.1
470,50.0,44.6,42.9,42.9,44.6,47.0,47.0,47.0,50.0,45.0,46.1
471,50.0,44.6,42.9,42.9,44.6,47.0,47.0,47.0,50.0,45.0,46.1
472,50.0,44.6,42.9,42.9,44.6,47.0,47.0,47.0,50.0,45.0,46.1
473,50.0,44.6,42.9,42.9,44.6,47.0,47.0,47.0,50.0,45.0,46.1
474,50.0,44.6,42.9,42.9,44.6,47.0,47.0,47.0,50.0,45.0,46.1
475,50.0,44.6,42.9,42.9,44.6,47.0,47.0,47.0,50.0,45.0,46.1
476,50.0,44.6,42.9,42.9,44.6,47.0,47.0,47.0,50.0,45.0,46.1
477,50.0,44.6,42.9,42.9,44.6,47.0,47.0,47.0,50.0,45.0,46.1
478,50.0,44.6,42.9,42.9,44.6,47.0,47.0,47.0,50.0,45.0,46.1
479,50.0,44.6,42.9,42.9,44.6,47.0,47.0,47.0,50.0,45.0,46.1
480,50.0,44.6,42.9,42.9,44.6,47.0,47.0,47.0,50.0,45.0,46.1
481,50.0,44.6,42.9,42.9,44.6,47.0,47.0,47.0,50.0,45.0,46.1
482,50.0,44.6,43.75,42.9,44.6,47.0,47.0,47.0,50.0,45.0,46.185
483,50.0,44.6,43.75,42.9,44.6,47.0,47.0,47.0,50.0,45.0,46.185
484,50.0,44.6,43.75,42.9,44.6,47.0,47.0,47.0,50.0,47.0,46.385000000000005
485,50.0,44.6,45.45,42.9,44.6,47.0,47.0,47.0,50.0,47.0,46.55499999999999
486,50.0,44.6,45.45,42.9,44.6,47.0,47.0,47.0,50.0,47.0,46.55499999999999
487,50.0,44.6,45.45,43.75,44.6,47.0,47.0,47.0,50.0,47.0,46.64
488,50.0,44.6,45.45,43.75,44.6,47.0,47.0,47.0,50.0,47.0,46.64
489,50.0,44.6,45.45,45.45,44.6,47.0,47.0,47.0,50.0,47.0,46.81
490,50.0,44.6,45.45,45.45,44.6,47.0,47.0,47.0,50.0,47.0,46.81
491,50.0,44.6,45.45,45.45,44.6,47.0,47.0,47.0,50.0,47.0,46.81
492,50.0,44.6,45.45,45.45,44.6,47.0,47.0,47.0,50.0,47.0,46.81
493,50.0,44.6,45.45,45.45,44.6,47.0,47.0,47.0,50.0,47.0,46.81
494,50.0,44.6,45.45,45.45,44.6,47.0,47.0,47.0,50.0,47.0,46.81
495,50.0,44.6,45.45,45.45,44.6,47.0,47.0,47.0,50.0,47.0,46.81
496,50.0,44.6,45.45,45.45,44.6,47.0,47.0,47.0,50.0,47.0,46.81
497,50.0,44.6,45.45,45.45,44.6,47.0,47.0,47.0,50.0,47.0,46.81
498,50.0,44.6,45.45,45.45,44.6,47.0,47.0,47.0,50.0,47.0,46.81
499,50.0,44.6,45.45,45.45,44.6,47.0,47.0,47.0,50.0,47.0,46.81
500,50.0,44.6,45.45,45.45,44.6,47.0,47.0,47.0,50.0,47.0,46.81
501,50.0,44.6,45.45,45.45,44.6,47.0,47.0,47.0,50.0,47.0,46.81
502,50.0,44.6,45.45,45.45,44.6,47.0,47.0,47.0,50.0,47.0,46.81
503,50.0,44.6,45.45,45.45,44.6,47.0,47.0,47.0,50.0,47.0,46.81
504,50.0,44.6,45.45,45.45,44.6,47.0,47.0,47.0,50.0,47.0,46.81
505,50.0,44.6,45.45,45.45,44.6,47.0,47.0,47.0,50.0,47.0,46.81
506,50.0,44.6,45.45,45.45,44.6,47.0,47.0,47.0,50.0,47.0,46.81
507,50.0,44.6,45.45,45.45,44.6,47.0,47.0,47.0,50.0,47.0,46.81
508,50.0,44.6,45.45,45.45,44.6,47.0,47.0,47.0,50.0,47.0,46.81
509,50.0,44.6,45.45,45.45,44.6,47.0,47.0,47.0,50.0,47.0,46.81
510,50.0,44.6,45.45,45.45,44.6,47.0,47.0,47.0,50.0,47.0,46.81
511,50.0,44.6,45.45,45.45,44.6,47.0,47.0,47.0,50.0,47.0,46.81
512,50.0,45.5,45.45,45.45,44.6,47.0,47.0,47.0,50.0,47.0,46.9
513,50.0,45.5,45.45,45.45,44.6,47.0,47.0,47.0,50.0,47.0,46.9
514,50.0,45.5,45.45,45.45,44.6,47.0,47.0,47.0,50.0,47.0,46.9
515,50.0,45.5,45.45,45.45,44.6,47.0,47.0,47.0,50.0,47.0,46.9
516,50.0,45.5,45.45,45.45,44.6,47.0,47.0,47.0,50.0,47.0,46.9
517,50.0,45.5,45.45,45.45,44.6,47.0,47.0,47.0,50.0,47.0,46.9
518,50.0,45.5,45.45,45.45,44.6,47.0,47.0,47.0,50.0,47.0,46.9
519,50.0,47.3,45.45,45.45,44.6,47.0,47.0,47.0,50.0,47.0,47.08
520,50.0,47.3,45.45,45.45,44.6,47.0,47.0,47.0,50.0,47.0,47.08
521,50.0,47.3,45.45,45.45,45.5,47.0,47.0,47.0,50.0,47.0,47.17
522,50.0,47.3,45.45,45.45,47.3,47.0,47.0,47.0,50.0,47.0,47.35
523,50.0,47.3,45.45,45.45,47.3,47.0,47.0,47.0,50.0,47.0,47.35
524,50.0,47.3,45.45,45.45,47.3,47.0,47.0,47.0,50.0,47.0,47.35
525,50.0,47.3,45.45,45.45,47.3,47.0,47.0,47.0,50.0,47.0,47.35
526,50.0,47.3,45.45,45.45,47.3,47.0,47.0,47.0,50.0,47.0,47.35
527,50.0,47.3,45.45,45.45,47.3,47.0,47.0,47.0,50.0,47.0,47.35
528,50.0,47.3,45.45,45.45,47.3,47.0,47.0,47.0,50.0,47.0,47.35
529,50.0,47.3,45.45,45.45,47.3,47.0,47.0,47.0,50.0,47.0,47.35
530,50.0,47.3,45.45,45.45,47.3,47.0,47.0,47.0,50.0,47.0,47.35
531,50.0,47.3,45.45,45.45,47.3,47.0,47.0,47.0,50.0,47.0,47.35
532,50.0,47.3,45.45,45.45,47.3,47.0,47.0,47.0,50.0,47.0,47.35
533,50.0,47.3,45.45,45.45,47.3,47.0,47.0,47.0,50.0,47.0,47.35
534,50.0,47.3,45.45,45.45,47.3,47.0,47.0,47.0,50.0,47.0,47.35
535,50.0,47.3,45.45,45.45,47.3,47.0,47.0,47.0,50.0,47.0,47.35
536,50.0,47.3,45.45,45.45,47.3,47.0,47.0,47.0,50.0,47.0,47.35
537,50.0,47.3,45.45,45.45,47.3,47.0,47.0,47.0,50.0,47.0,47.35
538,50.0,47.3,45.45,45.45,47.3,47.0,47.0,47.0,50.0,47.0,47.35
539,50.0,47.3,45.45,45.45,47.3,47.0,47.0,47.0,50.0,47.0,47.35
540,50.0,47.3,45.45,45.45,47.3,47.0,47.0,47.0,50.0,47.0,47.35
541,50.0,47.3,45.45,45.45,47.3,47.0,47.0,47.0,50.0,47.0,47.35
542,50.0,47.3,45.45,45.45,47.3,47.0,47.0,47.0,50.0,47.0,47.35
543,50.0,47.3,45.45,45.45,47.3,47.0,47.0,47.0,50.0,47.0,47.35
544,50.0,47.3,45.45,45.45,47.3,48.0,47.0,47.0,50.0,47.0,47.45
545,50.0,47.3,45.45,45.45,47.3,48.0,47.0,47.0,50.0,47.0,47.45
546,50.0,47.3,45.45,45.45,47.3,50.0,47.0,47.0,50.0,47.0,47.65
547,50.0,47.3,45.45,45.45,47.3,50.0,47.0,47.0,50.0,47.0,47.65
548,50.0,47.3,45.45,45.45,47.3,50.0,47.0,47.0,50.0,47.0,47.65
549,50.0,47.3,45.45,45.45,47.3,50.0,47.0,47.0,50.0,47.0,47.65
550,50.0,47.3,45.45,45.45,47.3,50.0,47.0,47.0,50.0,47.0,47.65
551,50.0,47.3,45.45,45.45,47.3,50.0,47.0,47.0,50.0,47.0,47.65
552,50.0,47.3,45.45,45.45,47.3,50.0,47.0,47.0,50.0,47.0,47.65
553,50.0,47.3,45.45,45.45,47.3,50.0,47.0,47.0,50.0,48.0,47.75
554,50.0,47.3,45.45,45.45,47.3,50.0,47.0,47.0,50.0,48.0,47.75
555,50.0,47.3,45.45,45.45,47.3,50.0,47.0,47.0,50.0,48.0,47.75
556,50.0,47.3,45.45,45.45,47.3,50.0,47.0,47.0,50.0,48.0,47.75
557,50.0,47.3,45.45,45.45,47.3,50.0,47.0,47.0,50.0,48.0,47.75
558,50.0,47.3,45.45,45.45,47.3,50.0,47.0,47.0,50.0,48.0,47.75
559,50.0,47.3,45.45,45.45,47.3,50.0,47.0,47.0,50.0,48.0,47.75
560,50.0,47.3,45.45,45.45,47.3,50.0,47.0,47.0,50.0,48.0,47.75
561,50.0,47.3,45.45,45.45,47.3,50.0,47.0,48.0,50.0,48.0,47.85
562,50.0,47.3,45.45,45.45,47.3,50.0,47.0,48.0,50.0,48.0,47.85
563,50.0,47.3,45.45,45.45,47.3,50.0,47.0,48.0,50.0,48.0,47.85
564,50.0,47.3,45.45,45.45,47.3,50.0,47.0,48.0,50.0,48.0,47.85
565,50.0,47.3,45.45,45.45,47.3,50.0,47.0,48.0,50.0,48.0,47.85
566,50.0,47.3,45.45,45.45,47.3,50.0,47.0,48.0,50.0,48.0,47.85
567,50.0,47.3,45.45,45.45,47.3,50.0,47.0,48.0,50.0,48.0,47.85
568,50.0,47.3,45.45,45.45,47.3,50.0,47.0,48.0,50.0,48.0,47.85
569,50.0,47.3,45.45,45.45,47.3,50.0,47.0,48.0,50.0,48.0,47.85
570,50.0,47.3,45.45,45.45,47.3,50.0,47.0,48.0,50.0,48.0,47.85
571,50.0,47.3,45.45,45.45,47.3,50.0,47.0,48.0,50.0,48.0,47.85
572,50.0,47.3,45.45,45.45,47.3,50.0,47.0,48.0,50.0,48.0,47.85
573,50.0,47.3,45.45,45.45,47.3,50.0,47.0,48.0,50.0,48.0,47.85
574,50.0,47.3,45.45,45.45,47.3,50.0,47.0,48.0,50.0,48.0,47.85
575,50.0,47.3,45.45,45.45,47.3,50.0,47.0,48.0,50.0,48.0,47.85
576,50.0,47.3,45.45,45.45,47.3,50.0,47.0,48.0,50.0,48.0,47.85
577,50.0,47.3,45.45,45.45,47.3,50.0,47.0,48.0,50.0,48.0,47.85
578,50.0,47.3,45.45,45.45,47.3,50.0,47.0,48.0,50.0,48.0,47.85
579,50.0,47.3,45.45,45.45,47.3,50.0,47.0,48.0,50.0,48.0,47.85
580,50.0,47.3,45.45,45.45,47.3,50.0,47.0,48.0,50.0,48.0,47.85
581,50.0,47.3,45.45,45.45,47.3,50.0,47.0,48.0,50.0,48.0,47.85
582,50.0,47.3,45.45,45.45,47.3,50.0,47.0,48.0,50.0,48.0,47.85
583,50.0,47.3,45.45,45.45,47.3,50.0,47.0,48.0,50.0,48.0,47.85
584,50.0,47.3,45.45,45.45,47.3,50.0,47.0,48.0,50.0,48.0,47.85
585,50.0,47.3,45.45,45.45,47.3,50.0,47.0,48.0,50.0,48.0,47.85
586,50.0,47.3,45.45,45.45,47.3,50.0,47.0,48.0,50.0,48.0,47.85
587,50.0,47.3,45.45,45.45,47.3,50.0,47.0,48.0,50.0,48.0,47.85
588,50.0,47.3,45.45,45.45,47.3,50.0,47.0,48.0,50.0,48.0,47.85
589,50.0,47.3,45.45,45.45,47.3,50.0,47.0,48.0,50.0,48.0,47.85
590,50.0,47.3,45.45,45.45,47.3,50.0,47.0,48.0,50.0,48.0,47.85
591,50.0,47.3,45.45,45.45,47.3,50.0,47.0,48.0,50.0,48.0,47.85
592,50.0,47.3,45.45,45.45,47.3,50.0,47.0,48.0,50.0,48.0,47.85
593,50.0,47.3,45.45,45.45,47.3,50.0,47.0,48.0,50.0,48.0,47.85
594,50.0,47.3,45.45,45.45,47.3,50.0,47.0,48.0,50.0,48.0,47.85
595,50.0,47.3,45.45,45.45,47.3,50.0,47.0,48.0,50.0,48.0,47.85
596,50.0,47.3,45.45,45.45,47.3,50.0,47.0,48.0,50.0,48.0,47.85
597,50.0,47.3,45.45,45.45,47.3,50.0,47.0,48.0,50.0,48.0,47.85
598,50.0,47.3,45.45,45.45,47.3,50.0,47.0,48.0,50.0,48.0,47.85
599,50.0,47.3,45.45,45.45,47.3,50.0,47.0,48.0,50.0,48.0,47.85
600,50.0,47.3,45.45,45.45,47.3,50.0,47.0,48.0,50.0,48.0,47.85
601,50.0,47.3,45.45,45.45,47.3,50.0,47.0,48.0,50.0,48.0,47.85
602,50.0,47.3,45.45,45.45,47.3,50.0,47.0,48.0,50.0,48.0,47.85
603,50.0,47.3,45.45,45.45,47.3,50.0,47.0,48.0,50.0,48.0,47.85
604,50.0,47.3,45.45,45.45,47.3,50.0,47.0,48.0,50.0,48.0,47.85
605,51.0,47.3,45.45,45.45,47.3,50.0,47.0,48.0,50.0,48.0,47.95
606,51.0,47.3,45.45,45.45,47.3,50.0,48.0,48.0,50.0,48.0,48.05
607,53.0,47.3,45.45,45.45,47.3,50.0,50.0,48.0,50.0,48.0,48.45
608,53.0,47.3,45.45,45.45,47.3,50.0,50.0,48.0,50.0,48.0,48.45
609,53.0,47.3,45.45,45.45,47.3,50.0,50.0,48.0,50.0,48.0,48.45
610,53.0,47.3,45.45,45.45,47.3,50.0,50.0,48.0,50.0,48.0,48.45
611,53.0,47.3,45.45,45.45,47.3,50.0,50.0,48.0,50.0,48.0,48.45
612,53.0,47.3,45.45,45.45,47.3,50.0,50.0,48.0,50.0,48.0,48.45
613,53.0,47.3,45.45,45.45,47.3,50.0,50.0,48.0,50.0,48.0,48.45
614,53.0,47.3,45.45,45.45,47.3,50.0,50.0,48.0,50.0,48.0,48.45
615,53.0,47.3,45.45,45.45,47.3,50.0,50.0,48.0,50.0,48.0,48.45
616,53.0,47.3,45.45,45.45,47.3,50.0,50.0,48.0,50.0,48.0,48.45
617,53.0,47.3,45.45,45.45,47.3,50.0,50.0,48.0,50.0,48.0,48.45
618,53.0,47.3,45.45,45.45,47.3,50.0,50.0,48.0,50.0,48.0,48.45
619,53.0,47.3,45.45,45.45,47.3,50.0,50.0,48.0,50.0,48.0,48.45
620,53.0,47.3,45.45,45.45,47.3,50.0,50.0,48.0,50.0,48.0,48.45
621,53.0,47.3,45.45,45.45,47.3,50.0,50.0,48.0,50.0,48.0,48.45
622,53.0,47.3,45.45,45.45,47.3,50.0,50.0,48.0,50.0,48.0,48.45
623,53.0,47.3,45.45,45.45,47.3,50.0,50.0,48.0,50.0,48.0,48.45
624,53.0,47.3,45.45,45.45,47.3,50.0,50.0,48.0,50.0,48.0,48.45
625,53.0,47.3,45.45,45.45,47.3,50.0,50.0,48.0,50.0,48.0,48.45
626,53.0,47.3,45.45,45.45,47.3,50.0,50.0,48.0,50.0,48.0,48.45
627,53.0,47.3,45.45,45.45,47.3,50.0,50.0,48.0,50.0,48.0,48.45
628,53.0,47.3,45.45,45.45,47.3,50.0,50.0,48.0,50.0,48.0,48.45
629,53.0,47.3,45.45,45.45,47.3,50.0,50.0,48.0,50.0,48.0,48.45
630,53.0,47.3,45.45,45.45,47.3,50.0,50.0,48.0,50.0,48.0,48.45
631,53.0,47.3,45.45,45.45,47.3,50.0,50.0,48.0,50.0,48.0,48.45
632,53.0,47.3,45.45,45.45,47.3,50.0,50.0,48.0,50.0,48.0,48.45
633,53.0,47.3,45.45,45.45,47.3,50.0,50.0,48.0,50.0,48.0,48.45
634,53.0,47.3,45.45,45.45,47.3,50.0,50.0,48.0,50.0,48.0,48.45
635,53.0,47.3,45.45,45.45,47.3,50.0,50.0,48.0,50.0,48.0,48.45
636,53.0,47.3,45.45,45.45,47.3,50.0,50.0,48.0,50.0,48.0,48.45
637,53.0,47.3,45.45,45.45,47.3,50.0,50.0,48.0,50.0,48.0,48.45
638,53.0,47.3,45.45,45.45,47.3,50.0,50.0,48.0,50.0,48.0,48.45
639,53.0,47.3,45.45,45.45,47.3,50.0,50.0,48.0,50.0,48.0,48.45
640,53.0,47.3,45.45,45.45,47.3,50.0,50.0,48.0,50.0,48.0,48.45
641,53.0,47.3,45.45,45.45,47.3,50.0,50.0,48.0,50.0,48.0,48.45
642,53.0,47.3,45.45,45.45,47.3,50.0,50.0,48.0,50.0,48.0,48.45
643,53.0,47.3,45.45,45.45,47.3,50.0,50.0,48.0,50.0,48.0,48.45
644,53.0,47.3,45.45,45.45,47.3,50.0,50.0,48.0,50.0,48.0,48.45
645,53.0,47.3,45.45,45.45,47.3,50.0,50.0,48.0,50.0,48.0,48.45
646,53.0,47.3,45.45,45.45,47.3,50.0,50.0,48.0,50.0,48.0,48.45
647,53.0,47.3,45.45,45.45,47.3,50.0,50.0,48.0,50.0,48.0,48.45
648,53.0,47.3,45.45,45.45,47.3,50.0,50.0,48.0,50.0,48.0,48.45
649,53.0,47.3,45.45,45.45,47.3,50.0,50.0,48.0,50.0,48.0,48.45
650,53.0,47.3,45.45,45.45,47.3,50.0,50.0,48.0,50.0,48.0,48.45
651,53.0,47.3,45.45,45.45,47.3,50.0,50.0,48.0,50.0,48.0,48.45
652,53.0,47.3,45.45,45.45,47.3,50.0,50.0,48.0,50.0,48.0,48.45
653,53.0,47.3,45.45,45.45,47.3,50.0,50.0,48.0,50.0,48.0,48.45
654,53.0,47.3,45.45,45.45,47.3,50.0,50.0,48.0,50.0,48.0,48.45
655,53.0,47.3,45.45,45.45,47.3,50.0,50.0,48.0,50.0,48.0,48.45
656,53.0,47.3,45.45,45.45,47.3,50.0,50.0,48.0,50.0,48.0,48.45
657,53.0,47.3,45.45,45.45,47.3,50.0,50.0,48.0,50.0,48.0,48.45
658,53.0,47.3,45.45,45.45,47.3,50.0,50.0,48.0,50.0,48.0,48.45
659,53.0,47.3,45.45,45.45,47.3,50.0,50.0,48.0,50.0,48.0,48.45
660,53.0,47.3,45.45,45.45,47.3,50.0,50.0,48.0,50.0,48.0,48.45
661,53.0,47.3,45.45,45.45,47.3,50.0,50.0,48.0,50.0,48.0,48.45
662,53.0,47.3,45.45,45.45,47.3,50.0,50.0,48.0,50.0,48.0,48.45
663,53.0,47.3,45.45,45.45,47.3,50.0,50.0,48.0,50.0,48.0,48.45
664,53.0,47.3,45.45,45.45,47.3,50.0,50.0,48.0,50.0,48.0,48.45
665,53.0,47.3,45.45,45.45,47.3,50.0,50.0,48.0,50.0,48.0,48.45
666,53.0,47.3,45.45,45.45,47.3,50.0,50.0,48.0,50.0,48.0,48.45
667,53.0,47.3,45.45,45.45,47.3,50.0,50.0,48.0,50.0,48.0,48.45
668,53.0,47.3,45.45,45.45,47.3,50.0,50.0,48.0,50.0,48.0,48.45
669,53.0,47.3,45.45,45.45,47.3,50.0,50.0,48.0,50.0,48.0,48.45
670,53.0,47.3,45.45,45.45,47.3,50.0,50.0,48.0,50.0,48.0,48.45
671,53.0,47.3,45.45,45.45,47.3,50.0,50.0,48.0,50.0,48.0,48.45
672,53.0,47.3,45.45,45.45,47.3,50.0,50.0,48.0,50.0,48.0,48.45
673,53.0,47.3,45.45,45.45,47.3,50.0,50.0,48.0,50.0,50.0,48.65
674,53.0,47.3,45.45,45.45,47.3,50.0,50.0,48.0,50.0,50.0,48.65
675,53.0,47.3,45.45,45.45,47.3,50.0,50.0,48.0,50.0,50.0,48.65
676,53.0,47.3,45.45,45.45,47.3,50.0,50.0,48.0,50.0,50.0,48.65
677,53.0,47.3,45.45,45.45,47.3,50.0,50.0,48.0,50.0,50.0,48.65
678,53.0,47.3,45.45,45.45,47.3,50.0,50.0,48.0,50.0,50.0,48.65
679,53.0,47.3,45.45,45.45,47.3,50.0,50.0,48.0,50.0,50.0,48.65
680,53.0,47.3,45.45,45.45,47.3,50.0,50.0,48.0,50.0,50.0,48.65
681,53.0,47.3,45.45,45.45,47.3,50.0,50.0,48.0,50.0,50.0,48.65
682,53.0,47.3,45.45,45.45,47.3,50.0,50.0,48.0,50.0,50.0,48.65
683,53.0,47.3,45.45,45.45,47.3,50.0,50.0,48.0,50.0,50.0,48.65
684,53.0,47.3,45.45,45.45,47.3,50.0,50.0,48.0,50.0,50.0,48.65
685,53.0,47.3,45.45,45.45,47.3,50.0,50.0,48.0,50.0,50.0,48.65
686,53.0,47.3,45.45,45.45,47.3,50.0,50.0,48.0,50.0,50.0,48.65
687,53.0,47.3,45.45,45.45,47.3,50.0,50.0,48.0,50.0,50.0,48.65
688,53.0,47.3,45.45,45.45,47.3,50.0,50.0,48.0,50.0,50.0,48.65
689,53.0,47.3,45.45,45.45,47.3,50.0,50.0,48.0,50.0,50.0,48.65
690,53.0,47.3,45.45,45.45,47.3,50.0,50.0,48.0,50.0,50.0,48.65
691,53.0,47.3,45.45,45.45,47.3,50.0,50.0,48.0,51.0,50.0,48.75
692,53.0,47.3,45.45,45.45,47.3,50.0,50.0,48.0,53.0,50.0,48.95
693,53.0,47.3,45.45,45.45,47.3,50.0,50.0,48.0,53.0,50.0,48.95
694,53.0,47.3,45.45,45.45,47.3,50.0,50.0,48.0,53.0,50.0,48.95
695,53.0,47.3,45.45,45.45,47.3,50.0,50.0,48.0,53.0,50.0,48.95
696,53.0,47.3,45.45,45.45,47.3,50.0,50.0,48.0,53.0,50.0,48.95
697,53.0,47.3,45.45,45.45,47.3,50.0,50.0,48.0,53.0,50.0,48.95
698,53.0,47.3,45.45,45.45,47.3,50.0,50.0,48.0,53.0,50.0,48.95
699,53.0,47.3,45.45,45.45,47.3,50.0,50.0,48.0,53.0,50.0,48.95
700,53.0,47.3,45.45,45.45,47.3,50.0,50.0,48.0,53.0,50.0,48.95
701,53.0,47.3,45.45,45.45,47.3,50.0,50.0,48.0,53.0,50.0,48.95
702,53.0,47.3,45.45,45.45,47.3,50.0,50.0,48.0,53.0,50.0,48.95
703,53.0,47.3,45.45,45.45,47.3,50.0,50.0,48.0,53.0,50.0,48.95
704,53.0,47.3,45.45,45.45,47.3,50.0,50.0,48.0,53.0,50.0,48.95
705,53.0,47.3,45.45,45.45,47.3,50.0,50.0,48.0,53.0,50.0,48.95
706,53.0,47.3,45.45,45.45,47.3,50.0,50.0,48.0,53.0,50.0,48.95
707,53.0,47.3,45.45,45.45,47.3,50.0,50.0,48.0,53.0,50.0,48.95
708,53.0,47.3,45.45,45.45,47.3,50.0,50.0,48.0,53.0,50.0,48.95
709,53.0,47.3,45.45,45.45,47.3,50.0,50.0,48.0,53.0,50.0,48.95
710,53.0,47.3,48.0,45.45,47.3,50.0,50.0,48.0,53.0,50.0,49.205
711,53.0,47.3,48.0,45.45,47.3,50.0,50.0,48.0,53.0,50.0,49.205
712,53.0,47.3,48.0,45.45,47.3,50.0,50.0,48.0,53.0,50.0,49.205
713,53.0,47.3,48.0,45.45,47.3,50.0,50.0,48.0,53.0,50.0,49.205
714,53.0,47.3,48.0,45.45,47.3,50.0,50.0,48.0,53.0,50.0,49.205
715,53.0,47.3,48.0,45.45,47.3,50.0,50.0,48.0,53.0,50.0,49.205
716,53.0,47.3,48.0,45.45,47.3,50.0,50.0,48.0,53.0,50.0,49.205
717,53.0,47.3,48.0,45.45,47.3,50.0,50.0,48.0,53.0,50.0,49.205
718,53.0,47.3,48.0,45.45,47.3,50.0,50.0,48.0,53.0,50.0,49.205
719,53.0,47.3,48.0,45.45,47.3,50.0,50.0,48.0,53.0,50.0,49.205
720,53.0,47.3,48.0,45.45,47.3,50.0,50.0,48.0,53.0,50.0,49.205
721,53.0,47.3,48.0,45.45,47.3,50.0,50.0,48.0,53.0,50.0,49.205
722,53.0,47.3,48.0,45.45,47.3,50.0,50.0,48.0,53.0,50.0,49.205
723,53.0,47.3,48.0,45.45,47.3,50.0,50.0,48.0,53.0,50.0,49.205
724,53.0,47.3,48.0,45.45,47.3,50.0,50.0,48.0,53.0,50.0,49.205
725,53.0,47.3,48.0,45.45,47.3,50.0,50.0,48.0,53.0,50.0,49.205
726,53.0,47.3,48.0,45.45,47.3,50.0,50.0,48.0,53.0,50.0,49.205
727,53.0,47.3,48.0,45.45,47.3,50.0,50.0,48.0,53.0,50.0,49.205
728,53.0,47.3,48.0,45.45,47.3,50.0,50.0,48.0,53.0,50.0,49.205
729,53.0,47.3,48.0,45.45,47.3,50.0,50.0,48.0,53.0,50.0,49.205
730,53.0,47.3,48.0,45.45,47.3,50.0,50.0,48.0,53.0,50.0,49.205
731,53.0,47.3,48.0,45.45,47.3,50.0,50.0,48.0,53.0,50.0,49.205
732,53.0,47.3,48.0,45.45,47.3,50.0,50.0,48.0,53.0,50.0,49.205
733,53.0,47.3,48.0,45.45,47.3,50.0,50.0,48.0,53.0,50.0,49.205
734,53.0,47.3,48.0,45.45,47.3,50.0,50.0,48.0,53.0,50.0,49.205
735,53.0,47.3,48.0,45.45,47.3,50.0,50.0,48.0,53.0,50.0,49.205
736,53.0,47.3,48.0,45.45,47.3,50.0,50.0,48.0,53.0,50.0,49.205
737,53.0,47.3,48.0,45.45,47.3,50.0,50.0,48.0,53.0,50.0,49.205
738,53.0,47.3,48.0,45.45,47.3,50.0,50.0,48.0,53.0,50.0,49.205
739,53.0,47.3,48.0,45.45,47.3,50.0,50.0,48.0,53.0,50.0,49.205
740,53.0,47.3,48.0,45.45,47.3,50.0,50.0,50.0,53.0,50.0,49.405
741,53.0,47.3,48.0,45.45,47.3,50.0,50.0,50.0,53.0,50.0,49.405
742,53.0,47.3,48.0,45.45,47.3,50.0,50.0,50.0,53.0,50.0,49.405
743,53.0,47.3,48.0,45.45,47.3,50.0,50.0,50.0,53.0,50.0,49.405
744,53.0,47.3,48.0,45.45,47.3,50.0,50.0,50.0,53.0,50.0,49.405
745,53.0,47.3,48.0,45.45,47.3,50.0,50.0,50.0,53.0,50.0,49.405
746,53.0,47.3,48.0,45.45,47.3,50.0,50.0,50.0,53.0,50.0,49.405
747,53.0,47.3,48.0,45.45,47.3,50.0,50.0,50.0,53.0,50.0,49.405
748,53.0,47.3,48.0,45.45,47.3,50.0,50.0,50.0,53.0,50.0,49.405
749,53.0,47.3,48.0,45.45,47.3,50.0,50.0,50.0,53.0,50.0,49.405
750,53.0,47.3,48.0,45.45,47.3,50.0,50.0,50.0,53.0,50.0,49.405
751,53.0,47.3,48.0,45.45,47.3,50.0,50.0,50.0,53.0,50.0,49.405
752,53.0,47.3,48.0,45.45,47.3,50.0,50.0,50.0,53.0,50.0,49.405
753,53.0,47.3,48.0,48.0,47.3,50.0,50.0,50.0,53.0,50.0,49.660000000000004
754,53.0,47.3,48.0,48.0,47.3,50.0,50.0,50.0,53.0,50.0,49.660000000000004
755,53.0,47.3,48.0,48.0,47.3,50.0,50.0,50.0,53.0,50.0,49.660000000000004
756,53.0,47.3,48.0,48.0,47.3,50.0,50.0,50.0,53.0,50.0,49.660000000000004
757,53.0,47.3,48.0,48.0,47.3,50.0,50.0,50.0,53.0,50.0,49.660000000000004
758,53.0,47.3,48.0,48.0,47.3,50.0,50.0,50.0,53.0,50.0,49.660000000000004
759,53.0,47.3,48.0,48.0,47.3,50.0,50.0,50.0,53.0,50.0,49.660000000000004
760,53.0,47.3,48.0,48.0,47.3,50.0,50.0,50.0,53.0,50.0,49.660000000000004
761,53.0,47.3,48.0,48.0,47.3,50.0,50.0,50.0,53.0,50.0,49.660000000000004
762,53.0,47.3,48.0,48.0,47.3,50.0,50.0,50.0,53.0,50.0,49.660000000000004
763,53.0,47.3,48.0,48.0,47.3,50.0,50.0,50.0,53.0,50.0,49.660000000000004
764,53.0,47.3,48.0,48.0,47.3,50.0,50.0,50.0,53.0,50.0,49.660000000000004
765,53.0,47.3,48.0,48.0,47.3,50.0,50.0,50.0,53.0,50.0,49.660000000000004
766,53.0,47.3,48.0,48.0,47.3,50.0,50.0,50.0,53.0,50.0,49.660000000000004
767,53.0,47.3,48.0,48.0,47.3,50.0,50.0,50.0,53.0,50.0,49.660000000000004
768,53.0,47.3,48.0,48.0,47.3,50.0,50.0,50.0,53.0,50.0,49.660000000000004
769,53.0,47.3,48.0,48.0,47.3,50.0,50.0,50.0,53.0,50.0,49.660000000000004
770,53.0,47.3,48.0,48.0,47.3,50.0,50.0,50.0,53.0,50.0,49.660000000000004
771,53.0,47.3,48.0,48.0,47.3,50.0,50.0,50.0,53.0,50.0,49.660000000000004
772,53.0,47.3,48.0,48.0,47.3,50.0,50.0,50.0,53.0,50.0,49.660000000000004
773,53.0,47.3,48.0,48.0,47.3,50.0,50.0,50.0,53.0,50.0,49.660000000000004
774,53.0,47.3,48.0,48.0,47.3,50.0,50.0,50.0,53.0,50.0,49.660000000000004
775,53.0,47.3,48.0,48.0,47.3,50.0,50.0,50.0,53.0,50.0,49.660000000000004
776,53.0,47.3,48.0,48.0,47.3,50.0,50.0,50.0,53.0,50.0,49.660000000000004
777,53.0,47.3,48.0,48.0,47.3,50.0,50.0,50.0,53.0,50.0,49.660000000000004
778,53.0,47.3,48.0,48.0,47.3,50.0,50.0,50.0,53.0,50.0,49.660000000000004
779,53.0,47.3,48.0,48.0,47.3,50.0,50.0,50.0,53.0,50.0,49.660000000000004
780,53.0,47.3,48.0,48.0,47.3,50.0,50.0,50.0,53.0,50.0,49.660000000000004
781,53.0,47.3,48.0,48.0,47.3,50.0,50.0,50.0,53.0,50.0,49.660000000000004
782,53.0,47.3,48.0,48.0,47.3,50.0,50.0,50.0,53.0,50.0,49.660000000000004
783,53.0,47.3,48.0,48.0,47.3,50.0,50.0,50.0,53.0,50.0,49.660000000000004
784,53.0,47.3,48.0,48.0,47.3,50.0,50.0,50.0,53.0,50.0,49.660000000000004
785,53.0,47.3,48.0,48.0,47.3,50.0,50.0,50.0,53.0,50.0,49.660000000000004
786,53.0,47.3,48.0,48.0,47.3,50.0,50.0,50.0,53.0,50.0,49.660000000000004
787,53.0,47.3,48.0,48.0,47.3,50.0,50.0,50.0,53.0,50.0,49.660000000000004
788,53.0,47.3,48.0,48.0,47.3,50.0,50.0,50.0,53.0,50.0,49.660000000000004
789,53.0,47.3,48.0,48.0,47.3,50.0,50.0,50.0,53.0,50.0,49.660000000000004
790,53.0,47.3,48.0,48.0,47.3,50.0,50.0,50.0,53.0,50.0,49.660000000000004
791,53.0,47.3,48.0,48.0,47.3,50.0,50.0,50.0,53.0,50.0,49.660000000000004
792,53.0,47.3,48.0,48.0,47.3,50.0,50.0,50.0,53.0,50.0,49.660000000000004
793,53.0,47.3,48.0,48.0,47.3,50.0,50.0,50.0,53.0,50.0,49.660000000000004
794,53.0,50.0,48.0,48.0,47.3,50.0,50.0,50.0,53.0,50.0,49.93
795,53.0,50.0,48.0,48.0,47.3,50.0,50.0,50.0,53.0,50.0,49.93
796,53.0,50.0,48.0,48.0,47.3,50.0,50.0,50.0,53.0,50.0,49.93
797,53.0,50.0,48.0,48.0,47.3,50.0,50.0,50.0,53.0,50.0,49.93
798,53.0,50.0,48.0,48.0,47.3,50.0,50.0,50.0,53.0,50.0,49.93
799,53.0,50.0,48.0,48.0,47.3,50.0,50.0,50.0,53.0,50.0,49.93
800,53.0,50.0,48.0,48.0,47.3,50.0,50.0,50.0,53.0,50.0,49.93
801,53.0,50.0,48.0,48.0,47.3,50.0,50.0,50.0,53.0,50.0,49.93
802,53.0,50.0,48.0,48.0,47.3,50.0,50.0,50.0,53.0,50.0,49.93
803,53.0,50.0,48.0,48.0,47.3,50.0,50.0,50.0,53.0,50.0,49.93
804,53.0,50.0,48.0,48.0,47.3,50.0,50.0,50.0,53.0,50.0,49.93
805,53.0,50.0,48.0,48.0,47.3,50.0,50.0,50.0,53.0,50.0,49.93
806,53.0,50.0,48.0,48.0,47.3,50.0,50.0,50.0,53.0,50.0,49.93
807,53.0,50.0,48.0,48.0,47.3,50.0,50.0,50.0,53.0,50.0,49.93
808,53.0,50.0,48.0,48.0,47.3,50.0,50.0,50.0,53.0,50.0,49.93
809,53.0,50.0,48.0,48.0,47.3,50.0,50.0,50.0,53.0,50.0,49.93
810,53.0,50.0,48.0,48.0,47.3,50.0,50.0,50.0,53.0,53.0,50.230000000000004
811,53.0,50.0,48.0,48.0,47.3,50.0,50.0,50.0,53.0,53.0,50.230000000000004
812,53.0,50.0,48.0,48.0,47.3,50.0,50.0,50.0,53.0,53.0,50.230000000000004
813,53.0,50.0,48.0,48.0,47.3,50.0,50.0,50.0,53.0,53.0,50.230000000000004
814,53.0,50.0,48.0,48.0,47.3,50.0,50.0,50.0,53.0,53.0,50.230000000000004
815,53.0,50.0,48.0,48.0,47.3,50.0,50.0,50.0,53.0,53.0,50.230000000000004
816,53.0,50.0,48.0,48.0,47.3,50.0,50.0,50.0,53.0,53.0,50.230000000000004
817,53.0,50.0,48.0,48.0,47.3,50.0,50.0,50.0,53.0,53.0,50.230000000000004
818,53.0,50.0,48.0,48.0,47.3,50.0,50.0,50.0,53.0,53.0,50.230000000000004
819,53.0,50.0,48.0,48.0,47.3,50.0,50.0,50.0,53.0,53.0,50.230000000000004
820,53.0,50.0,48.0,48.0,47.3,50.0,50.0,50.0,53.0,53.0,50.230000000000004
821,53.0,50.0,48.0,48.0,47.3,50.0,50.0,50.0,53.0,53.0,50.230000000000004
822,53.0,50.0,48.0,48.0,47.3,50.0,50.0,50.0,53.0,53.0,50.230000000000004
823,53.0,50.0,48.0,48.0,47.3,50.0,50.0,50.0,53.0,53.0,50.230000000000004
824,53.0,50.0,48.0,48.0,47.3,50.0,50.0,50.0,53.0,53.0,50.230000000000004
825,53.0,50.0,48.0,48.0,47.3,50.0,50.0,50.0,53.0,53.0,50.230000000000004
826,53.0,50.0,48.0,48.0,47.3,50.0,50.0,50.0,53.0,53.0,50.230000000000004
827,53.0,50.0,48.0,48.0,47.3,50.0,50.0,50.0,53.0,53.0,50.230000000000004
828,53.0,50.0,48.0,48.0,47.3,50.0,50.0,50.0,53.0,53.0,50.230000000000004
829,53.0,50.0,48.0,48.0,47.3,50.0,50.0,50.0,53.0,53.0,50.230000000000004
830,53.0,50.0,48.0,48.0,47.3,50.0,50.0,50.0,53.0,53.0,50.230000000000004
831,53.0,50.0,48.0,48.0,47.3,50.0,50.0,50.0,53.0,53.0,50.230000000000004
832,53.0,50.0,48.0,48.0,47.3,50.0,50.0,50.0,53.0,53.0,50.230000000000004
833,53.0,50.0,48.0,48.0,47.3,50.0,50.0,50.0,53.0,53.0,50.230000000000004
834,53.0,50.0,48.0,48.0,47.3,50.0,50.0,50.0,53.0,53.0,50.230000000000004
835,53.0,50.0,48.0,48.0,47.3,50.0,50.0,50.0,53.0,53.0,50.230000000000004
836,53.0,50.0,48.0,48.0,47.3,50.0,50.0,50.0,53.0,53.0,50.230000000000004
837,53.0,50.0,48.0,48.0,47.3,50.0,50.0,50.0,53.0,53.0,50.230000000000004
838,53.0,50.0,48.0,48.0,47.3,50.0,50.0,50.0,53.0,53.0,50.230000000000004
839,53.0,50.0,48.0,48.0,47.3,50.0,50.0,50.0,53.0,53.0,50.230000000000004
840,53.0,50.0,48.0,48.0,47.3,50.0,50.0,50.0,53.0,53.0,50.230000000000004
841,53.0,50.0,48.0,48.0,47.3,50.0,50.0,50.0,53.0,53.0,50.230000000000004
842,53.0,50.0,48.0,48.0,47.3,50.0,50.0,50.0,53.0,53.0,50.230000000000004
843,53.0,50.0,48.0,48.0,47.3,50.0,50.0,50.0,53.0,53.0,50.230000000000004
844,53.0,50.0,48.0,48.0,47.3,50.0,50.0,50.0,53.0,53.0,50.230000000000004
845,53.0,50.0,48.0,48.0,47.3,50.0,50.0,50.0,53.0,53.0,50.230000000000004
846,53.0,50.0,48.0,48.0,47.3,50.0,50.0,50.0,53.0,53.0,50.230000000000004
847,53.0,50.0,48.0,48.0,47.3,50.0,50.0,50.0,53.0,53.0,50.230000000000004
848,53.0,50.0,48.0,48.0,47.3,50.0,50.0,50.0,53.0,53.0,50.230000000000004
849,53.0,50.0,48.0,48.0,47.3,50.0,50.0,50.0,53.0,53.0,50.230000000000004
850,53.0,50.0,48.0,48.0,47.3,50.0,50.0,50.0,53.0,53.0,50.230000000000004
851,53.0,50.0,48.0,48.0,47.3,50.0,50.0,50.0,53.0,53.0,50.230000000000004
852,53.0,50.0,48.0,48.0,47.3,50.0,50.0,50.0,53.0,53.0,50.230000000000004
853,53.0,50.0,48.0,48.0,47.3,50.0,50.0,50.0,53.0,53.0,50.230000000000004
854,53.0,50.0,48.0,48.0,47.3,50.0,50.0,50.0,53.0,53.0,50.230000000000004
855,53.0,50.0,48.0,48.0,47.3,50.0,50.0,50.0,53.0,53.0,50.230000000000004
856,53.0,50.0,48.0,48.0,47.3,50.0,50.0,50.0,53.0,53.0,50.230000000000004
857,53.0,50.0,48.0,48.0,47.3,50.0,50.0,50.0,53.0,53.0,50.230000000000004
858,53.0,50.0,48.0,48.0,47.3,50.0,50.0,50.0,53.0,53.0,50.230000000000004
859,53.0,50.0,48.0,48.0,47.3,50.0,50.0,50.0,53.0,53.0,50.230000000000004
860,53.0,50.0,48.0,48.0,47.3,50.0,50.0,50.0,53.0,53.0,50.230000000000004
861,53.0,50.0,48.0,48.0,47.3,50.0,50.0,50.0,53.0,53.0,50.230000000000004
862,53.0,50.0,48.0,48.0,47.3,50.0,50.0,50.0,53.0,53.0,50.230000000000004
863,53.0,50.0,48.0,48.0,47.3,50.0,50.0,50.0,53.0,53.0,50.230000000000004
864,53.0,50.0,48.0,48.0,47.3,50.0,50.0,50.0,53.0,53.0,50.230000000000004
865,53.0,50.0,48.0,48.0,47.3,50.0,50.0,50.0,53.0,53.0,50.230000000000004
866,53.0,50.0,48.0,48.0,47.3,50.0,50.0,50.0,53.0,53.0,50.230000000000004
867,53.0,50.0,48.0,48.0,47.3,50.0,50.0,50.0,53.0,53.0,50.230000000000004
868,53.0,50.0,48.0,48.0,47.3,50.0,50.0,50.0,53.0,53.0,50.230000000000004
869,53.0,50.0,48.0,48.0,47.3,50.0,50.0,50.0,53.0,53.0,50.230000000000004
870,53.0,50.0,48.0,48.0,47.3,50.0,50.0,50.0,53.0,53.0,50.230000000000004
871,53.0,50.0,48.0,48.0,47.3,50.0,50.0,50.0,53.0,53.0,50.230000000000004
872,53.0,50.0,48.0,48.0,47.3,50.0,50.0,50.0,53.0,53.0,50.230000000000004
873,53.0,50.0,48.0,48.0,47.3,50.0,50.0,50.0,53.0,53.0,50.230000000000004
874,53.0,50.0,48.0,48.0,47.3,50.0,50.0,50.0,53.0,53.0,50.230000000000004
875,53.0,50.0,48.0,48.0,47.3,50.0,50.0,50.0,53.0,53.0,50.230000000000004
876,53.0,50.0,48.0,48.0,47.3,50.0,50.0,50.0,53.0,53.0,50.230000000000004
877,53.0,50.0,48.0,48.0,47.3,50.0,50.0,50.0,53.0,53.0,50.230000000000004
878,53.0,50.0,48.0,48.0,47.3,50.0,50.0,50.0,53.0,53.0,50.230000000000004
879,53.0,50.0,48.0,48.0,47.3,50.0,50.0,50.0,53.0,53.0,50.230000000000004
880,53.0,50.0,48.0,48.0,47.3,50.0,50.0,50.0,53.0,53.0,50.230000000000004
881,53.0,50.0,48.0,48.0,47.3,53.0,50.0,50.0,53.0,53.0,50.53
882,53.0,50.0,48.0,48.0,47.3,53.0,50.0,50.0,53.0,53.0,50.53
883,53.0,50.0,48.0,48.0,47.3,53.0,50.0,50.0,53.0,53.0,50.53
884,53.0,50.0,48.0,48.0,47.3,53.0,50.0,50.0,53.0,53.0,50.53
885,53.0,50.0,48.0,48.0,47.3,53.0,50.0,50.0,53.0,53.0,50.53
886,53.0,50.0,48.0,48.0,47.3,53.0,50.0,50.0,53.0,53.0,50.53
887,53.0,50.0,48.0,48.0,47.3,53.0,50.0,50.0,53.0,53.0,50.53
888,53.0,50.0,48.0,48.0,47.3,53.0,50.0,50.0,53.0,53.0,50.53
889,53.0,50.0,48.0,48.0,47.3,53.0,50.0,50.0,53.0,53.0,50.53
890,53.0,50.0,48.0,48.0,47.3,53.0,50.0,50.0,53.0,53.0,50.53
891,53.0,50.0,48.0,48.0,47.3,53.0,50.0,50.0,53.0,53.0,50.53
892,53.0,50.0,48.0,48.0,47.3,53.0,50.0,50.0,53.0,53.0,50.53
893,53.0,50.0,48.0,48.0,47.3,53.0,50.0,50.0,53.0,53.0,50.53
894,53.0,50.0,48.0,48.0,47.3,53.0,50.0,50.0,53.0,53.0,50.53
895,53.0,50.0,48.0,48.0,47.3,53.0,50.0,50.0,53.0,53.0,50.53
896,53.0,50.0,48.0,48.0,47.3,53.0,50.0,50.0,53.0,53.0,50.53
897,53.0,50.0,48.0,48.0,47.3,53.0,50.0,50.0,53.0,53.0,50.53
898,53.0,50.0,48.0,48.0,47.3,53.0,50.0,50.0,53.0,53.0,50.53
899,53.0,50.0,48.0,48.0,47.3,53.0,50.0,50.0,53.0,53.0,50.53
900,53.0,50.0,48.0,48.0,47.3,53.0,50.0,50.0,53.0,53.0,50.53
901,53.0,50.0,48.0,48.0,47.3,53.0,50.0,50.0,53.0,53.0,50.53
902,53.0,50.0,48.0,48.0,47.3,53.0,50.0,50.0,53.0,53.0,50.53
903,53.0,50.0,48.0,48.0,47.3,53.0,50.0,50.0,53.0,53.0,50.53
904,53.0,50.0,48.0,48.0,47.3,53.0,50.0,50.0,53.0,53.0,50.53
905,53.0,50.0,48.0,48.0,47.3,53.0,50.0,50.0,53.0,53.0,50.53
906,53.0,50.0,48.0,48.0,47.3,53.0,50.0,50.0,53.0,53.0,50.53
907,53.0,50.0,48.0,48.0,47.3,53.0,50.0,50.0,53.0,53.0,50.53
908,53.0,50.0,48.0,48.0,47.3,53.0,50.0,50.0,53.0,53.0,50.53
909,53.0,50.0,48.0,48.0,47.3,53.0,50.0,50.0,53.0,53.0,50.53
910,53.0,50.0,48.0,48.0,47.3,53.0,50.0,50.0,53.0,53.0,50.53
911,53.0,50.0,48.0,48.0,47.3,53.0,50.0,50.0,53.0,53.0,50.53
912,53.0,50.0,48.0,48.0,47.3,53.0,50.0,50.0,53.0,53.0,50.53
913,53.0,50.0,48.0,48.0,47.3,53.0,50.0,50.0,53.0,53.0,50.53
914,53.0,50.0,48.0,48.0,47.3,53.0,50.0,50.0,53.0,53.0,50.53
915,53.0,50.0,48.0,48.0,47.3,53.0,50.0,50.0,53.0,53.0,50.53
916,53.0,50.0,48.0,48.0,47.3,53.0,50.0,50.0,53.0,53.0,50.53
917,53.0,50.0,48.0,48.0,47.3,53.0,50.0,50.0,53.0,53.0,50.53
918,53.0,50.0,48.0,48.0,47.3,53.0,50.0,50.0,53.0,53.0,50.53
919,53.0,50.0,48.0,48.0,47.3,53.0,50.0,50.0,53.0,53.0,50.53
920,53.0,50.0,48.0,48.0,47.3,53.0,50.0,50.0,53.0,53.0,50.53
921,53.0,50.0,48.0,48.0,47.3,53.0,50.0,50.0,53.0,53.0,50.53
922,53.0,50.0,48.0,48.0,47.3,53.0,50.0,50.0,53.0,53.0,50.53
923,53.0,50.0,48.0,48.0,47.3,53.0,50.0,50.0,53.0,53.0,50.53
924,53.0,50.0,48.0,48.0,47.3,53.0,50.0,50.0,53.0,53.0,50.53
925,53.0,50.0,48.0,48.0,47.3,53.0,50.0,50.0,53.0,53.0,50.53
926,53.0,50.0,48.0,48.0,47.3,53.0,50.0,50.0,53.0,53.0,50.53
927,53.0,50.0,48.0,48.0,47.3,53.0,50.0,50.0,53.0,53.0,50.53
928,53.0,50.0,48.0,48.0,50.0,53.0,50.0,50.0,53.0,53.0,50.8
929,53.0,50.0,48.0,48.0,50.0,53.0,50.0,50.0,53.0,53.0,50.8
930,53.0,50.0,48.0,48.0,50.0,53.0,50.0,50.0,53.0,53.0,50.8
931,53.0,50.0,48.0,48.0,50.0,53.0,50.0,50.0,53.0,53.0,50.8
932,53.0,50.0,48.0,48.0,50.0,53.0,50.0,50.0,53.0,53.0,50.8
933,53.0,50.0,48.0,48.0,50.0,53.0,50.0,50.0,53.0,53.0,50.8
934,53.0,50.0,48.0,48.0,50.0,53.0,50.0,50.0,53.0,53.0,50.8
935,53.0,50.0,48.0,48.0,50.0,53.0,50.0,50.0,53.0,53.0,50.8
936,53.0,50.0,48.0,48.0,50.0,53.0,50.0,50.0,53.0,53.0,50.8
937,53.0,50.0,48.0,48.0,50.0,53.0,50.0,50.0,53.0,53.0,50.8
938,53.0,50.0,48.0,48.0,50.0,53.0,50.0,50.0,53.0,53.0,50.8
939,53.0,50.0,48.0,48.0,50.0,53.0,50.0,50.0,53.0,53.0,50.8
940,53.0,50.0,48.0,48.0,50.0,53.0,50.0,50.0,53.0,53.0,50.8
941,53.0,50.0,48.0,48.0,50.0,53.0,50.0,50.0,53.0,53.0,50.8
942,53.0,50.0,48.0,48.0,50.0,53.0,50.0,50.0,53.0,53.0,50.8
943,53.0,50.0,48.0,48.0,50.0,53.0,50.0,50.0,53.0,53.0,50.8
944,53.0,50.0,48.0,48.0,50.0,53.0,50.0,50.0,53.0,53.0,50.8
945,53.0,50.0,48.0,48.0,50.0,53.0,50.0,50.0,53.0,53.0,50.8
946,53.0,50.0,48.0,48.0,50.0,53.0,50.0,50.0,53.0,53.0,50.8
947,53.0,50.0,48.0,48.0,50.0,53.0,50.0,50.0,53.0,53.0,50.8
948,53.0,50.0,48.0,48.0,50.0,53.0,50.0,50.0,53.0,53.0,50.8
949,53.0,50.0,48.0,48.0,50.0,53.0,50.0,50.0,53.0,53.0,50.8
950,53.0,50.0,48.0,48.0,50.0,53.0,50.0,50.0,53.0,53.0,50.8
951,53.0,50.0,48.0,48.0,50.0,53.0,50.0,50.0,53.0,53.0,50.8
952,53.0,50.0,48.0,48.0,50.0,53.0,50.0,50.0,53.0,53.0,50.8
953,53.0,50.0,48.0,48.0,50.0,53.0,50.0,50.0,53.0,53.0,50.8
954,53.0,50.0,48.0,48.0,50.0,53.0,50.0,50.0,53.0,53.0,50.8
955,53.0,50.0,48.0,48.0,50.0,53.0,50.0,50.0,53.0,53.0,50.8
956,53.0,50.0,48.0,48.0,50.0,53.0,50.0,50.0,53.0,53.0,50.8
957,53.0,50.0,48.0,48.0,50.0,53.0,50.0,50.0,53.0,53.0,50.8
958,53.0,50.0,48.0,48.0,50.0,53.0,50.0,50.0,53.0,53.0,50.8
959,53.0,50.0,48.0,48.0,50.0,53.0,50.0,50.0,53.0,53.0,50.8
960,53.0,50.0,48.0,48.0,50.0,53.0,50.0,50.0,53.0,53.0,50.8
961,53.0,50.0,48.0,48.0,50.0,53.0,50.0,50.0,53.0,53.0,50.8
962,53.0,50.0,48.0,48.0,50.0,53.0,50.0,50.0,53.0,53.0,50.8
963,53.0,50.0,48.0,48.0,50.0,53.0,50.0,50.0,53.0,53.0,50.8
964,53.0,50.0,48.0,48.0,50.0,53.0,50.0,50.0,53.0,53.0,50.8
965,53.0,50.0,48.0,48.0,50.0,53.0,50.0,50.0,53.0,53.0,50.8
966,53.0,50.0,48.0,48.0,50.0,53.0,50.0,50.0,53.0,53.0,50.8
967,53.0,50.0,48.0,48.0,50.0,53.0,50.0,50.0,53.0,53.0,50.8
968,53.0,50.0,48.0,48.0,50.0,53.0,50.0,50.0,53.0,53.0,50.8
969,53.0,50.0,48.0,48.0,50.0,53.0,50.0,50.0,53.0,53.0,50.8
970,53.0,50.0,48.0,48.0,50.0,53.0,50.0,50.0,53.0,53.0,50.8
971,53.0,50.0,48.0,48.0,50.0,53.0,50.0,50.0,53.0,53.0,50.8
972,53.0,50.0,48.0,48.0,50.0,53.0,50.0,50.0,53.0,53.0,50.8
973,53.0,50.0,48.0,48.0,50.0,53.0,50.0,50.0,53.0,53.0,50.8
974,53.0,50.0,48.0,48.0,50.0,53.0,50.0,50.0,53.0,53.0,50.8
975,53.0,50.0,48.0,48.0,50.0,53.0,50.0,50.0,53.0,53.0,50.8
976,53.0,50.0,48.0,48.0,50.0,53.0,50.0,50.0,53.0,53.0,50.8
977,53.0,50.0,48.0,48.0,50.0,53.0,50.0,50.0,53.0,53.0,50.8
978,53.0,50.0,48.0,48.0,50.0,53.0,50.0,50.0,53.0,53.0,50.8
979,53.0,50.0,48.0,48.0,50.0,53.0,50.0,50.0,53.0,53.0,50.8
980,53.0,50.0,48.0,48.0,50.0,53.0,50.0,50.0,53.0,53.0,50.8
981,53.0,50.0,48.0,48.0,50.0,53.0,50.0,50.0,53.0,53.0,50.8
982,53.0,50.0,48.0,48.0,50.0,53.0,50.0,50.0,53.0,53.0,50.8
983,53.0,50.0,48.0,48.0,50.0,53.0,50.0,50.0,53.0,53.0,50.8
984,53.0,50.0,48.0,48.0,50.0,53.0,50.0,50.0,53.0,53.0,50.8
985,53.0,50.0,48.0,48.0,50.0,53.0,50.0,50.0,53.0,53.0,50.8
986,53.0,50.0,48.0,48.0,50.0,53.0,50.0,50.0,53.0,53.0,50.8
987,53.0,50.0,48.0,48.0,50.0,53.0,50.0,50.0,53.0,53.0,50.8
988,53.0,50.0,48.0,48.0,50.0,53.0,50.0,50.0,53.0,53.0,50.8
989,53.0,50.0,48.0,48.0,50.0,53.0,50.0,50.0,53.0,53.0,50.8
990,53.0,50.0,48.0,48.0,50.0,53.0,50.0,50.0,53.0,53.0,50.8
991,53.0,50.0,48.0,48.0,50.0,53.0,50.0,50.0,53.0,53.0,50.8
992,53.0,50.0,48.0,48.0,50.0,53.0,50.0,50.0,53.0,53.0,50.8
993,53.0,50.0,48.0,48.0,50.0,53.0,50.0,50.0,53.0,53.0,50.8
994,53.0,50.0,48.0,48.0,50.0,53.0,50.0,50.0,53.0,53.0,50.8
995,53.0,50.0,48.0,48.0,50.0,53.0,50.0,50.0,53.0,53.0,50.8
996,53.0,50.0,48.0,48.0,50.0,53.0,50.0,50.0,53.0,53.0,50.8
997,53.0,50.0,48.0,48.0,50.0,53.0,50.0,50.0,53.0,53.0,50.8
998,53.0,50.0,48.0,48.0,50.0,53.0,50.0,50.0,53.0,53.0,50.8
999,53.0,50.0,48.0,48.0,50.0,53.0,50.0,50.0,53.0,53.0,50.8
1000,53.0,50.0,48.0,48.0,50.0,53.0,50.0,50.0,53.0,53.0,50.8
